

insert into place_entity (id, name, address, city) values ('f318790d-5502-4e16-9d6b-67a5b4619e97', 'La Loma del Lobo', 'Circular 50A' , 'ddd7c109-f46d-464b-9b60-f20bee9f07f4');
insert into place_entity (id, name, address, city) values ('8a0f1396-391d-404d-b1ef-febb03783d68', 'Dos Quebradas', 'Calle 55 # 32c-22' , 'ddd7c109-f46d-464b-9b60-f20bee9f07f4');
insert into place_entity (id, name, address, city) values ('321763af-6d18-4c93-b084-16e92a0aaba4', 'Cerro Volador', 'Calle 20A #54-101' , 'ddd7c109-f46d-464b-9b60-f20bee9f07f4');
insert into place_entity (id, name, address, city) values ('40aff7fc-57a3-4eca-86d5-92440e570438', 'La Casa del Lobo', 'Circular 1' , 'ddd7c109-f46d-464b-9b60-f20bee9f07f4');
insert into place_entity (id, name, address, city) values ('0f470772-ae41-4c2b-93f6-027d2024c11e', 'Donde Elena', 'Carrera 33 #85-27' , 'ddd7c109-f46d-464b-9b60-f20bee9f07f4');
insert into place_entity (id, name, address, city) values ('090c4b11-e436-4072-aae5-15a72cb9b30d', 'Gym La 80', 'Carrera 80 #22-27' , 'ddd7c109-f46d-464b-9b60-f20bee9f07f4');

/*actividades ciclismo*/
insert into activity_entity (id, name, type, description, image, duration, start_at, sport, "placeId") values ('a05c8127-4439-4c01-99f3-231241826387', 'Subir la loma', 'training', '¡Sube la loma a todo gas!', 'https://www.google.com/url?sa=i&url=https%3A%2F%2Fwww.pexels.com%2Fes-es%2Fbuscar%2Fciclismo%2F&psig=AOvVaw1lTfHrf0exvnFssaMPPFm0&ust=1666647460392000&source=images&cd=vfe&ved=0CAkQjRxqFwoTCMiSkOCn9_oCFQAAAAAdAAAAABAE', 5400, '08:00', '2ceafa81-c69a-4e89-878a-8306d2efd256', 'f318790d-5502-4e16-9d6b-67a5b4619e97');
insert into activity_entity (id, name, type, description, image, duration, start_at, sport, "placeId") values ('ba75e576-3d4f-43c3-832d-c5786643f602', 'La Loma Lena', 'training', 'Baja la loma lentamente.', 'https://www.google.com/url?sa=i&url=https%3A%2F%2Fwww.pexels.com%2Fes-es%2Fbuscar%2Fciclismo%2F&psig=AOvVaw1lTfHrf0exvnFssaMPPFm0&ust=1666647460392000&source=images&cd=vfe&ved=0CAkQjRxqFwoTCMiSkOCn9_oCFQAAAAAdAAAAABAE', 5400, '08:00', '2ceafa81-c69a-4e89-878a-8306d2efd256', '8a0f1396-391d-404d-b1ef-febb03783d68');
insert into activity_entity (id, name, type, description, image, duration, start_at, sport, "placeId") values ('cf05be36-d383-4f27-bf48-0adbdf8b2879', 'En bajada', 'training', 'Rutina de recuperacion', 'https://www.google.com/url?sa=i&url=https%3A%2F%2Fwww.pexels.com%2Fes-es%2Fbuscar%2Fciclismo%2F&psig=AOvVaw1lTfHrf0exvnFssaMPPFm0&ust=1666647460392000&source=images&cd=vfe&ved=0CAkQjRxqFwoTCMiSkOCn9_oCFQAAAAAdAAAAABAE', 5400, '08:00', '2ceafa81-c69a-4e89-878a-8306d2efd256', '8a0f1396-391d-404d-b1ef-febb03783d68');
insert into activity_entity (id, name, type, description, image, duration, start_at, sport, "placeId") values ('a4fe73fc-9f23-414d-b187-1d73ce8cf651', 'A todo gas', 'training', '¡Sube la loma a todo gas!', 'https://www.google.com/url?sa=i&url=https%3A%2F%2Fwww.pexels.com%2Fes-es%2Fbuscar%2Fciclismo%2F&psig=AOvVaw1lTfHrf0exvnFssaMPPFm0&ust=1666647460392000&source=images&cd=vfe&ved=0CAkQjRxqFwoTCMiSkOCn9_oCFQAAAAAdAAAAABAE', 5400, '08:00', '2ceafa81-c69a-4e89-878a-8306d2efd256', 'f318790d-5502-4e16-9d6b-67a5b4619e97');
insert into activity_entity (id, name, type, description, image, duration, start_at, sport, "placeId") values ('3b8cdb29-ca1d-4783-9b32-f6d8755c33c9', 'La ruta peligrosa', 'training', 'Aumenta y reduce la marcha frecuentemente', 'https://www.google.com/url?sa=i&url=https%3A%2F%2Fwww.pexels.com%2Fes-es%2Fbuscar%2Fciclismo%2F&psig=AOvVaw1lTfHrf0exvnFssaMPPFm0&ust=1666647460392000&source=images&cd=vfe&ved=0CAkQjRxqFwoTCMiSkOCn9_oCFQAAAAAdAAAAABAE', 5400, '08:00', '2ceafa81-c69a-4e89-878a-8306d2efd256', '321763af-6d18-4c93-b084-16e92a0aaba4');

/*actividades indor_training*/
insert into activity_entity (id, name, type, description, image, duration, start_at, sport, "placeId") values ('448f60f6-cde3-4c47-a5a7-4e1d31207f82', 'Rutina de Pecho', 'training', 'Tonifica tus pectorales', 'https://st2.depositphotos.com/3386033/5304/i/450/depositphotos_53041219-stock-photo-modern-gym-interior-with-various.jpg', 5400, '08:00', '61e5bad4-137a-4ebd-a5bb-1d7d12bc5364', '090c4b11-e436-4072-aae5-15a72cb9b30d');
insert into activity_entity (id, name, type, description, image, duration, start_at, sport, "placeId") values ('1f7c45ef-af11-4063-b05c-1db6d598cd7c', 'Rutina de Espalda', 'training', 'Para incrementar el volumen de tu espalda', 'https://st2.depositphotos.com/3386033/5304/i/450/depositphotos_53041219-stock-photo-modern-gym-interior-with-various.jpg', 5400, '08:00', '61e5bad4-137a-4ebd-a5bb-1d7d12bc5364', '090c4b11-e436-4072-aae5-15a72cb9b30d');
insert into activity_entity (id, name, type, description, image, duration, start_at, sport, "placeId") values ('ccc9c9f5-324a-4623-8e2b-c32251cfd5d7', 'Rutina de Hombro', 'training', 'Fortalece tus hombros para reducir el riesgo de leción.', 'https://st2.depositphotos.com/3386033/5304/i/450/depositphotos_53041219-stock-photo-modern-gym-interior-with-various.jpg', 5400, '08:00', '61e5bad4-137a-4ebd-a5bb-1d7d12bc5364', '090c4b11-e436-4072-aae5-15a72cb9b30d');
insert into activity_entity (id, name, type, description, image, duration, start_at, sport, "placeId") values ('43a3f620-3fac-46fc-8422-0950340e79e9', 'Rutina de Piernas', 'training', 'Para el fortaliecimiento de las piernas.', 'https://st2.depositphotos.com/3386033/5304/i/450/depositphotos_53041219-stock-photo-modern-gym-interior-with-various.jpg', 5400, '08:00', '61e5bad4-137a-4ebd-a5bb-1d7d12bc5364','090c4b11-e436-4072-aae5-15a72cb9b30d');
insert into activity_entity (id, name, type, description, image, duration, start_at, sport, "placeId") values ('5528fe32-5ea3-4b19-b84a-43d434950506', 'Rutina de abdomen', 'training', 'Para tener un abdomen plano y libre de grasa.', 'https://st2.depositphotos.com/3386033/5304/i/450/depositphotos_53041219-stock-photo-modern-gym-interior-with-various.jpg', 5400, '08:00', '61e5bad4-137a-4ebd-a5bb-1d7d12bc5364', '090c4b11-e436-4072-aae5-15a72cb9b30d');

/*actividades any*/
insert into activity_entity (id, name, type, description, image, duration, start_at, sport, "placeId") values ('917248cf-e605-466f-a8b5-0e43acb3c412', 'Rutina de Pecho Recargada', 'training', 'Tonifica tus pectorales', 'https://st2.depositphotos.com/3386033/5304/i/450/depositphotos_53041219-stock-photo-modern-gym-interior-with-various.jpg', 5400, '08:00', 'e6089868-0a23-40fd-9e4d-93c7cae07745', '090c4b11-e436-4072-aae5-15a72cb9b30d');
insert into activity_entity (id, name, type, description, image, duration, start_at, sport, "placeId") values ('6aac6cf0-9858-4ad6-8c20-96dcafc4f470', 'Rutina de Espalda Recargado', 'training', 'Para incrementar el volumen de tu espalda', 'https://st2.depositphotos.com/3386033/5304/i/450/depositphotos_53041219-stock-photo-modern-gym-interior-with-various.jpg', 5400, '08:00', 'e6089868-0a23-40fd-9e4d-93c7cae07745', '090c4b11-e436-4072-aae5-15a72cb9b30d');
insert into activity_entity (id, name, type, description, image, duration, start_at, sport, "placeId") values ('4741c667-a2b6-4277-ac39-c37fc56b6bf3', 'Rutina de Piernas Recargado', 'training', 'Para el fortaliecimiento de las piernas.', 'https://st2.depositphotos.com/3386033/5304/i/450/depositphotos_53041219-stock-photo-modern-gym-interior-with-various.jpg', 5400, '08:00', 'e6089868-0a23-40fd-9e4d-93c7cae07745', '090c4b11-e436-4072-aae5-15a72cb9b30d');
insert into activity_entity (id, name, type, description, image, duration, start_at, sport, "placeId") values ('4b84de4a-1ad6-4f5a-be4c-056f1f23a291', 'A todo gas', 'training', '¡Sube la loma a todo gas!', 'https://www.google.com/url?sa=i&url=https%3A%2F%2Fwww.pexels.com%2Fes-es%2Fbuscar%2Fciclismo%2F&psig=AOvVaw1lTfHrf0exvnFssaMPPFm0&ust=1666647460392000&source=images&cd=vfe&ved=0CAkQjRxqFwoTCMiSkOCn9_oCFQAAAAAdAAAAABAE', 5400, '08:00', 'e6089868-0a23-40fd-9e4d-93c7cae07745', 'f318790d-5502-4e16-9d6b-67a5b4619e97');
insert into activity_entity (id, name, type, description, image, duration, start_at, sport, "placeId") values ('5c8a7211-d7fe-4e21-9649-c94adf437cf7', 'La ruta peligrosa', 'training', 'Aumenta y reduce la marcha frecuentemente', 'https://www.google.com/url?sa=i&url=https%3A%2F%2Fwww.pexels.com%2Fes-es%2Fbuscar%2Fciclismo%2F&psig=AOvVaw1lTfHrf0exvnFssaMPPFm0&ust=1666647460392000&source=images&cd=vfe&ved=0CAkQjRxqFwoTCMiSkOCn9_oCFQAAAAAdAAAAABAE', 5400, '08:00', 'e6089868-0a23-40fd-9e4d-93c7cae07745', '321763af-6d18-4c93-b084-16e92a0aaba4');

/*template sport cicling*/
insert into template_training_plan_entity (id, sports, "profileDescription", city) values ('ff5a05f9-7200-4fbf-a8df-3d909d3fd518', '2ceafa81-c69a-4e89-878a-8306d2efd256', 'Ejercicios para los ciclistas', 'ddd7c109-f46d-464b-9b60-f20bee9f07f4');

insert into template_trainig_day_entity (id, day, "templateTrainingPlantId") values ('f47a5a89-e049-4a04-955c-f2ea623872ba', 1, 'ff5a05f9-7200-4fbf-a8df-3d909d3fd518');
insert into template_trainig_day_entity (id, day, "templateTrainingPlantId") values ('043dd030-2ead-4b89-90e8-5a58f14dbbf8', 2, 'ff5a05f9-7200-4fbf-a8df-3d909d3fd518');
insert into template_trainig_day_entity (id, day, "templateTrainingPlantId") values ('67542f62-fd3d-488f-a405-1c2300aa133c', 3, 'ff5a05f9-7200-4fbf-a8df-3d909d3fd518');
insert into template_trainig_day_entity (id, day, "templateTrainingPlantId") values ('abc90fd1-789a-4f44-9e69-d03f76800f4c', 4, 'ff5a05f9-7200-4fbf-a8df-3d909d3fd518');
insert into template_trainig_day_entity (id, day, "templateTrainingPlantId") values ('8febf1ee-de21-4b0d-87b1-2aef88c43c5e', 5, 'ff5a05f9-7200-4fbf-a8df-3d909d3fd518');
insert into template_trainig_day_entity (id, day, "templateTrainingPlantId") values ('81d78690-0c5a-44b7-9898-f8eeb09d109c', 6, 'ff5a05f9-7200-4fbf-a8df-3d909d3fd518');
insert into template_trainig_day_entity (id, day, "templateTrainingPlantId") values ('26762956-1e44-4b4f-9488-354e62fc01ee', 7, 'ff5a05f9-7200-4fbf-a8df-3d909d3fd518');

insert into template_trainig_day_entity_activities_activity_entity ("templateTrainigDayEntityId", "activityEntityId") values ('f47a5a89-e049-4a04-955c-f2ea623872ba', 'a05c8127-4439-4c01-99f3-231241826387');
insert into template_trainig_day_entity_activities_activity_entity ("templateTrainigDayEntityId", "activityEntityId") values ('043dd030-2ead-4b89-90e8-5a58f14dbbf8', 'ba75e576-3d4f-43c3-832d-c5786643f602');
insert into template_trainig_day_entity_activities_activity_entity ("templateTrainigDayEntityId", "activityEntityId") values ('67542f62-fd3d-488f-a405-1c2300aa133c', 'cf05be36-d383-4f27-bf48-0adbdf8b2879');
insert into template_trainig_day_entity_activities_activity_entity ("templateTrainigDayEntityId", "activityEntityId") values ('abc90fd1-789a-4f44-9e69-d03f76800f4c', 'a4fe73fc-9f23-414d-b187-1d73ce8cf651');
insert into template_trainig_day_entity_activities_activity_entity ("templateTrainigDayEntityId", "activityEntityId") values ('8febf1ee-de21-4b0d-87b1-2aef88c43c5e', '3b8cdb29-ca1d-4783-9b32-f6d8755c33c9');
insert into template_trainig_day_entity_activities_activity_entity ("templateTrainigDayEntityId", "activityEntityId") values ('81d78690-0c5a-44b7-9898-f8eeb09d109c', 'a05c8127-4439-4c01-99f3-231241826387');
insert into template_trainig_day_entity_activities_activity_entity ("templateTrainigDayEntityId", "activityEntityId") values ('26762956-1e44-4b4f-9488-354e62fc01ee', 'ba75e576-3d4f-43c3-832d-c5786643f602');

/*template sport any*/
insert into template_training_plan_entity (id, sports, "profileDescription", city) values ('e7f29b8e-2abf-4318-9461-5b4b81018478', 'e6089868-0a23-40fd-9e4d-93c7cae07745', 'Para cualquier deportista', 'ddd7c109-f46d-464b-9b60-f20bee9f07f4');

insert into template_trainig_day_entity (id, day, "templateTrainingPlantId") values ('1b79b21d-66ec-4b0d-8c86-e015bf937b6a', 1, 'e7f29b8e-2abf-4318-9461-5b4b81018478');
insert into template_trainig_day_entity (id, day, "templateTrainingPlantId") values ('c371e422-a2e7-4e46-8573-a4a0e1b5d19d', 2, 'e7f29b8e-2abf-4318-9461-5b4b81018478');
insert into template_trainig_day_entity (id, day, "templateTrainingPlantId") values ('875a0d3b-9bee-474a-aff8-a9b465a387d1', 3, 'e7f29b8e-2abf-4318-9461-5b4b81018478');
insert into template_trainig_day_entity (id, day, "templateTrainingPlantId") values ('b86157f8-502b-48a4-b53a-156973a9f5de', 4, 'e7f29b8e-2abf-4318-9461-5b4b81018478');
insert into template_trainig_day_entity (id, day, "templateTrainingPlantId") values ('95b50623-5f5a-4621-9af8-b87a02bb1639', 5, 'e7f29b8e-2abf-4318-9461-5b4b81018478');
insert into template_trainig_day_entity (id, day, "templateTrainingPlantId") values ('bea85208-e74a-4466-a402-e611bf9a45d3', 6, 'e7f29b8e-2abf-4318-9461-5b4b81018478');
insert into template_trainig_day_entity (id, day, "templateTrainingPlantId") values ('bd6cc55f-0135-4f8b-84bd-58bdf886a2e0', 7, 'e7f29b8e-2abf-4318-9461-5b4b81018478');

insert into template_trainig_day_entity_activities_activity_entity ("templateTrainigDayEntityId", "activityEntityId") values ('1b79b21d-66ec-4b0d-8c86-e015bf937b6a', '917248cf-e605-466f-a8b5-0e43acb3c412');
insert into template_trainig_day_entity_activities_activity_entity ("templateTrainigDayEntityId", "activityEntityId") values ('c371e422-a2e7-4e46-8573-a4a0e1b5d19d', '6aac6cf0-9858-4ad6-8c20-96dcafc4f470');
insert into template_trainig_day_entity_activities_activity_entity ("templateTrainigDayEntityId", "activityEntityId") values ('875a0d3b-9bee-474a-aff8-a9b465a387d1', '4741c667-a2b6-4277-ac39-c37fc56b6bf3');
insert into template_trainig_day_entity_activities_activity_entity ("templateTrainigDayEntityId", "activityEntityId") values ('b86157f8-502b-48a4-b53a-156973a9f5de', '4b84de4a-1ad6-4f5a-be4c-056f1f23a291');
insert into template_trainig_day_entity_activities_activity_entity ("templateTrainigDayEntityId", "activityEntityId") values ('95b50623-5f5a-4621-9af8-b87a02bb1639', '5c8a7211-d7fe-4e21-9649-c94adf437cf7');
insert into template_trainig_day_entity_activities_activity_entity ("templateTrainigDayEntityId", "activityEntityId") values ('bea85208-e74a-4466-a402-e611bf9a45d3', '4b84de4a-1ad6-4f5a-be4c-056f1f23a291');
insert into template_trainig_day_entity_activities_activity_entity ("templateTrainigDayEntityId", "activityEntityId") values ('bd6cc55f-0135-4f8b-84bd-58bdf886a2e0', '5c8a7211-d7fe-4e21-9649-c94adf437cf7');

/*template sport indor_training*/
insert into template_training_plan_entity (id, sports, "profileDescription", city) values ('c256ba6d-8350-422f-bc64-ec641dfa31f1', '61e5bad4-137a-4ebd-a5bb-1d7d12bc5364', 'Ejercicios Indor', 'ddd7c109-f46d-464b-9b60-f20bee9f07f4');

insert into template_trainig_day_entity (id, day, "templateTrainingPlantId") values ('a633be39-e540-4f96-8e57-d12d171b6589', 1,'c256ba6d-8350-422f-bc64-ec641dfa31f1');
insert into template_trainig_day_entity (id, day, "templateTrainingPlantId") values ('9bfd00a0-711a-40f4-9c17-e181707d6ca9', 2,'c256ba6d-8350-422f-bc64-ec641dfa31f1');
insert into template_trainig_day_entity (id, day, "templateTrainingPlantId") values ('b6ae5f8f-1aa0-4c4e-bbc0-03f72c355d46', 3,'c256ba6d-8350-422f-bc64-ec641dfa31f1');
insert into template_trainig_day_entity (id, day, "templateTrainingPlantId") values ('a9bba431-44de-4a11-9004-8e08fbe91980', 4,'c256ba6d-8350-422f-bc64-ec641dfa31f1');
insert into template_trainig_day_entity (id, day, "templateTrainingPlantId") values ('3b061d73-84c9-4c4d-858c-f44bd5656293', 5,'c256ba6d-8350-422f-bc64-ec641dfa31f1');
insert into template_trainig_day_entity (id, day, "templateTrainingPlantId") values ('d480e53f-f11f-4b55-b952-407420700466', 6,'c256ba6d-8350-422f-bc64-ec641dfa31f1');
insert into template_trainig_day_entity (id, day, "templateTrainingPlantId") values ('c5990f04-3826-4ddf-aafe-0a51c7c60f16', 7,'c256ba6d-8350-422f-bc64-ec641dfa31f1');

insert into template_trainig_day_entity_activities_activity_entity ("templateTrainigDayEntityId", "activityEntityId") values ('a633be39-e540-4f96-8e57-d12d171b6589','448f60f6-cde3-4c47-a5a7-4e1d31207f82');
insert into template_trainig_day_entity_activities_activity_entity ("templateTrainigDayEntityId", "activityEntityId") values ('9bfd00a0-711a-40f4-9c17-e181707d6ca9','1f7c45ef-af11-4063-b05c-1db6d598cd7c');
insert into template_trainig_day_entity_activities_activity_entity ("templateTrainigDayEntityId", "activityEntityId") values ('b6ae5f8f-1aa0-4c4e-bbc0-03f72c355d46','ccc9c9f5-324a-4623-8e2b-c32251cfd5d7');
insert into template_trainig_day_entity_activities_activity_entity ("templateTrainigDayEntityId", "activityEntityId") values ('a9bba431-44de-4a11-9004-8e08fbe91980','43a3f620-3fac-46fc-8422-0950340e79e9');
insert into template_trainig_day_entity_activities_activity_entity ("templateTrainigDayEntityId", "activityEntityId") values ('3b061d73-84c9-4c4d-858c-f44bd5656293','5528fe32-5ea3-4b19-b84a-43d434950506');
insert into template_trainig_day_entity_activities_activity_entity ("templateTrainigDayEntityId", "activityEntityId") values ('d480e53f-f11f-4b55-b952-407420700466','448f60f6-cde3-4c47-a5a7-4e1d31207f82');
insert into template_trainig_day_entity_activities_activity_entity ("templateTrainigDayEntityId", "activityEntityId") values ('c5990f04-3826-4ddf-aafe-0a51c7c60f16','1f7c45ef-af11-4063-b05c-1db6d598cd7c');

/*template sport cicling y indor_training*/
insert into template_training_plan_entity (id, sports, "profileDescription", city) values ('34202f08-49cf-4093-923d-9ae4c016c234', '2ceafa81-c69a-4e89-878a-8306d2efd256|61e5bad4-137a-4ebd-a5bb-1d7d12bc5364', 'Ejercicios Mixtos de ciclismo y indor training', 'ddd7c109-f46d-464b-9b60-f20bee9f07f4');

insert into template_trainig_day_entity (id, day, "templateTrainingPlantId") values ('a6fc3e77-9401-4387-b768-90692af0ab81', 1,'34202f08-49cf-4093-923d-9ae4c016c234');
insert into template_trainig_day_entity (id, day, "templateTrainingPlantId") values ('52475efc-063b-48c1-8c90-a4d6075c7709', 2,'34202f08-49cf-4093-923d-9ae4c016c234');
insert into template_trainig_day_entity (id, day, "templateTrainingPlantId") values ('137e358f-7340-4efe-adda-d32048376c45', 3,'34202f08-49cf-4093-923d-9ae4c016c234');
insert into template_trainig_day_entity (id, day, "templateTrainingPlantId") values ('f87c1c68-cade-4170-aa97-b2348c8a9db4', 4,'34202f08-49cf-4093-923d-9ae4c016c234');
insert into template_trainig_day_entity (id, day, "templateTrainingPlantId") values ('dc4e491d-439c-4ce7-8537-278e451a785c', 5,'34202f08-49cf-4093-923d-9ae4c016c234');
insert into template_trainig_day_entity (id, day, "templateTrainingPlantId") values ('174f0cf8-6d3e-4200-9057-21444eda14ff', 6,'34202f08-49cf-4093-923d-9ae4c016c234');
insert into template_trainig_day_entity (id, day, "templateTrainingPlantId") values ('d214f684-ab90-4d59-9b78-d4fd43b757e1', 7,'34202f08-49cf-4093-923d-9ae4c016c234');

insert into template_trainig_day_entity_activities_activity_entity ("templateTrainigDayEntityId", "activityEntityId") values ('a6fc3e77-9401-4387-b768-90692af0ab81', 'a05c8127-4439-4c01-99f3-231241826387');
insert into template_trainig_day_entity_activities_activity_entity ("templateTrainigDayEntityId", "activityEntityId") values ('52475efc-063b-48c1-8c90-a4d6075c7709', 'ba75e576-3d4f-43c3-832d-c5786643f602');
insert into template_trainig_day_entity_activities_activity_entity ("templateTrainigDayEntityId", "activityEntityId") values ('137e358f-7340-4efe-adda-d32048376c45', 'cf05be36-d383-4f27-bf48-0adbdf8b2879');
insert into template_trainig_day_entity_activities_activity_entity ("templateTrainigDayEntityId", "activityEntityId") values ('f87c1c68-cade-4170-aa97-b2348c8a9db4', 'a4fe73fc-9f23-414d-b187-1d73ce8cf651');
insert into template_trainig_day_entity_activities_activity_entity ("templateTrainigDayEntityId", "activityEntityId") values ('dc4e491d-439c-4ce7-8537-278e451a785c', '448f60f6-cde3-4c47-a5a7-4e1d31207f82');
insert into template_trainig_day_entity_activities_activity_entity ("templateTrainigDayEntityId", "activityEntityId") values ('174f0cf8-6d3e-4200-9057-21444eda14ff', '1f7c45ef-af11-4063-b05c-1db6d598cd7c');
insert into template_trainig_day_entity_activities_activity_entity ("templateTrainigDayEntityId", "activityEntityId") values ('d214f684-ab90-4d59-9b78-d4fd43b757e1', 'ccc9c9f5-324a-4623-8e2b-c32251cfd5d7');

/*places*/
insert into place_entity (name, address, city) values ('Cardinal', '4217 Heath Street', 'Colotenango');
insert into place_entity (name, address, city) values ('Sycamore', '1 Warrior Circle', 'Fujioka');
insert into place_entity (name, address, city) values ('Tony', '459 Duke Road', 'Vigo');
insert into place_entity (name, address, city) values ('Badeau', '0343 Mccormick Crossing', 'Haoyi');
insert into place_entity (name, address, city) values ('Thompson', '80335 Truax Point', 'Konstantinovo');
insert into place_entity (name, address, city) values ('Ronald Regan', '86392 Farmco Crossing', 'Afikpo');
insert into place_entity (name, address, city) values ('Wayridge', '531 Jenifer Point', 'Trollhättan');
insert into place_entity (name, address, city) values ('Loomis', '2 Northridge Way', 'Citalahab');
insert into place_entity (name, address, city) values ('Marquette', '5 Arrowood Point', 'Jinxiu');
insert into place_entity (name, address, city) values ('Crowley', '96024 Stuart Hill', 'Wilmington');
insert into place_entity (name, address, city) values ('Springview', '2117 Blue Bill Park Street', 'Erhaodi');
insert into place_entity (name, address, city) values ('Springview', '90878 Anderson Park', 'Barra Bonita');
insert into place_entity (name, address, city) values ('Dunning', '97 Cascade Pass', 'Huangshi');
insert into place_entity (name, address, city) values ('Leroy', '60 Green Drive', 'Karpogory');
insert into place_entity (name, address, city) values ('Johnson', '9 Tony Terrace', 'Kaliuda');
insert into place_entity (name, address, city) values ('Northfield', '86616 Erie Pass', 'Shinjō');
insert into place_entity (name, address, city) values ('Doe Crossing', '53326 Melvin Alley', 'Lons-le-Saunier');
insert into place_entity (name, address, city) values ('Gateway', '3475 Continental Junction', 'Maswarah');
insert into place_entity (name, address, city) values ('Lindbergh', '5227 Londonderry Park', 'Asenovgrad');
insert into place_entity (name, address, city) values ('Dennis', '09 Helena Pass', 'Putinci');
insert into place_entity (name, address, city) values ('Gateway', '2634 Carey Court', 'Santa Cruz Muluá');
insert into place_entity (name, address, city) values ('Dunning', '62 Sycamore Hill', 'Tirtopuro');
insert into place_entity (name, address, city) values ('Schiller', '71 Dixon Plaza', 'Brongkah');
insert into place_entity (name, address, city) values ('Pennsylvania', '3 Merry Circle', 'Wang Chan');
insert into place_entity (name, address, city) values ('Tennessee', '5 Londonderry Road', 'L''Épiphanie');
insert into place_entity (name, address, city) values ('Sauthoff', '0 Merchant Crossing', 'Paracambi');
insert into place_entity (name, address, city) values ('Buell', '41990 Anderson Alley', 'Xuji');
insert into place_entity (name, address, city) values ('Lien', '6530 Johnson Lane', 'Hrvace');
insert into place_entity (name, address, city) values ('Lakewood Gardens', '39 Prairieview Drive', 'Krasnaya Polyana');
insert into place_entity (name, address, city) values ('Golf', '16 Green Lane', 'Xuxiake');
insert into place_entity (name, address, city) values ('Truax', '49 Anderson Junction', 'Arrepiado');
insert into place_entity (name, address, city) values ('Coleman', '9 Village Junction', 'Thị Trấn Nước Hai');
insert into place_entity (name, address, city) values ('Oriole', '535 Knutson Crossing', 'Chengshan');
insert into place_entity (name, address, city) values ('Forest Dale', '59 Mandrake Circle', 'Binalonan');
insert into place_entity (name, address, city) values ('Orin', '74 Brown Place', 'Kalangala');
insert into place_entity (name, address, city) values ('Green Ridge', '81443 Carberry Center', 'Huajlaya');
insert into place_entity (name, address, city) values ('Gina', '0 Banding Place', 'Xincheng Chengguanzhen');
insert into place_entity (name, address, city) values ('Namekagon', '3555 Texas Road', 'Pital');
insert into place_entity (name, address, city) values ('Columbus', '48 Cambridge Place', 'Majie');
insert into place_entity (name, address, city) values ('Golf Course', '2 Scoville Alley', 'Sandefjord');
insert into place_entity (name, address, city) values ('Manufacturers', '42888 Memorial Point', 'Huangtan');
insert into place_entity (name, address, city) values ('Northview', '3837 Jana Crossing', 'Huquan');
insert into place_entity (name, address, city) values ('Dovetail', '039 Weeping Birch Park', 'Ijuí');
insert into place_entity (name, address, city) values ('Blue Bill Park', '8159 Monterey Drive', 'Butare');
insert into place_entity (name, address, city) values ('Graceland', '6325 Bonner Court', 'El Cuy');
insert into place_entity (name, address, city) values ('Hauk', '3 Ohio Crossing', 'Dengfeng');
insert into place_entity (name, address, city) values ('Summit', '17 Lighthouse Bay Junction', 'Panbang');
insert into place_entity (name, address, city) values ('Waubesa', '5729 Blue Bill Park Parkway', 'Punta del Este');
insert into place_entity (name, address, city) values ('Utah', '655 Barnett Court', 'Curridabat');
insert into place_entity (name, address, city) values ('Harper', '2 Dahle Drive', 'Žlutava');
insert into place_entity (name, address, city) values ('Laurel', '0 Mendota Lane', 'Leuwibuleud');
insert into place_entity (name, address, city) values ('Grayhawk', '60416 Lyons Road', 'Arasji');
insert into place_entity (name, address, city) values ('Magdeline', '582 Eastlawn Avenue', 'San Pedro Zacapa');
insert into place_entity (name, address, city) values ('Mosinee', '58268 Spenser Road', 'Kalaxilike');
insert into place_entity (name, address, city) values ('Arkansas', '1950 Old Shore Plaza', 'Church End');
insert into place_entity (name, address, city) values ('Lawn', '63 Macpherson Hill', 'Bol’shaya Setun’');
insert into place_entity (name, address, city) values ('Porter', '6632 Rusk Drive', 'Congkar');
insert into place_entity (name, address, city) values ('Hoffman', '18 Luster Place', 'Verkhniy Mamon');
insert into place_entity (name, address, city) values ('Waywood', '340 Hazelcrest Plaza', 'Lupane');
insert into place_entity (name, address, city) values ('Reinke', '2036 Havey Junction', 'Flandes');
insert into place_entity (name, address, city) values ('Packers', '5922 Summit Alley', 'Hezheng Chengguanzhen');
insert into place_entity (name, address, city) values ('Lerdahl', '441 Moose Circle', 'Gyangkar');
insert into place_entity (name, address, city) values ('Dahle', '4270 Northview Point', 'Garhi Khairo');
insert into place_entity (name, address, city) values ('Spenser', '4 Waxwing Junction', 'Shurugwi');
insert into place_entity (name, address, city) values ('Arapahoe', '472 Orin Court', 'Ranao');
insert into place_entity (name, address, city) values ('Eastwood', '92366 Melvin Park', 'Kfar NaOranim');
insert into place_entity (name, address, city) values ('Kingsford', '1 Arrowood Alley', 'Tembisa');
insert into place_entity (name, address, city) values ('School', '30761 Bartillon Plaza', 'Barberena');
insert into place_entity (name, address, city) values ('Trailsway', '0457 Merchant Terrace', 'Pyskowice');
insert into place_entity (name, address, city) values ('Lighthouse Bay', '3994 Fordem Lane', 'Santo Niño');
insert into place_entity (name, address, city) values ('8th', '01786 Transport Place', 'Matamey');
insert into place_entity (name, address, city) values ('Nova', '5 Hintze Point', 'Getahovit');
insert into place_entity (name, address, city) values ('Oriole', '393 Reindahl Pass', 'Pardubice');
insert into place_entity (name, address, city) values ('Johnson', '1 Prentice Court', 'Žabčice');
insert into place_entity (name, address, city) values ('Grasskamp', '9 Lawn Place', 'La Paz Centro');
insert into place_entity (name, address, city) values ('Canary', '98654 Fordem Circle', 'Västra Frölunda');
insert into place_entity (name, address, city) values ('Schlimgen', '844 Blaine Road', 'Charlottenberg');
insert into place_entity (name, address, city) values ('Longview', '8198 Pine View Way', 'Saddina');
insert into place_entity (name, address, city) values ('Village Green', '4244 Lakewood Pass', 'Manika');
insert into place_entity (name, address, city) values ('West', '73008 Carioca Alley', 'Los Angeles');
insert into place_entity (name, address, city) values ('Bunker Hill', '33704 Morrow Street', 'Ladhewāla Warāich');
insert into place_entity (name, address, city) values ('Mallard', '29 Mesta Trail', 'Puncakwangi');
insert into place_entity (name, address, city) values ('Mariners Cove', '8715 Elgar Park', 'Bijia');
insert into place_entity (name, address, city) values ('Arkansas', '62 Stoughton Alley', 'Mogilany');
insert into place_entity (name, address, city) values ('Cottonwood', '88673 Fisk Park', 'Shani');
insert into place_entity (name, address, city) values ('Steensland', '7 Monterey Way', 'Jieznas');
insert into place_entity (name, address, city) values ('Reinke', '51 Muir Parkway', 'Ajdabiya');
insert into place_entity (name, address, city) values ('Reindahl', '982 Spaight Pass', 'Quince Mil');
insert into place_entity (name, address, city) values ('Namekagon', '40876 Hanson Avenue', 'Cassilândia');
insert into place_entity (name, address, city) values ('West', '44 Killdeer Center', 'Kihangara');
insert into place_entity (name, address, city) values ('Green', '48 Schiller Point', 'Tevriz');
insert into place_entity (name, address, city) values ('Bonner', '04 Sommers Plaza', 'Hagi');
insert into place_entity (name, address, city) values ('Basil', '12 Northport Drive', 'Mahuta');
insert into place_entity (name, address, city) values ('Wayridge', '70996 Luster Drive', 'Tomobe');
insert into place_entity (name, address, city) values ('Schlimgen', '4992 Hallows Way', 'Gaizhou');
insert into place_entity (name, address, city) values ('Sutteridge', '9 Kennedy Plaza', 'Cabaiguán');
insert into place_entity (name, address, city) values ('Wayridge', '5 Talisman Point', 'Caen');
insert into place_entity (name, address, city) values ('Carey', '811 Columbus Way', 'Bin’an');
insert into place_entity (name, address, city) values ('Eggendart', '9106 Manufacturers Circle', 'Jinan');
insert into place_entity (name, address, city) values ('Kedzie', '50778 Kinsman Avenue', 'Iturama');
insert into place_entity (name, address, city) values ('Swallow', '02 Ludington Place', 'Strängnäs');
insert into place_entity (name, address, city) values ('Lindbergh', '35 Carpenter Road', 'Opol');
insert into place_entity (name, address, city) values ('Lotheville', '52 Atwood Terrace', 'Pailiao');
insert into place_entity (name, address, city) values ('Sauthoff', '19458 Dahle Trail', 'Nantes');
insert into place_entity (name, address, city) values ('Sycamore', '594 South Trail', 'Tomdibuloq');
insert into place_entity (name, address, city) values ('Miller', '65181 Trailsway Park', 'Īlām');
insert into place_entity (name, address, city) values ('Dahle', '867 Grayhawk Hill', 'Biharamulo');
insert into place_entity (name, address, city) values ('Warner', '212 Dayton Avenue', 'Hongwansi');
insert into place_entity (name, address, city) values ('Helena', '016 Talisman Trail', 'Visim');
insert into place_entity (name, address, city) values ('Carioca', '87 Blaine Center', 'Rozhnyativ');
insert into place_entity (name, address, city) values ('Cody', '52 Anzinger Avenue', 'Dingshan');
insert into place_entity (name, address, city) values ('Kim', '47894 Alpine Court', 'Yvetot');
insert into place_entity (name, address, city) values ('Riverside', '956 Mccormick Park', 'Mutangyuan');
insert into place_entity (name, address, city) values ('Jenifer', '7 Dennis Junction', 'Tietê');
insert into place_entity (name, address, city) values ('Dryden', '18 Lakewood Alley', 'Tanggu');
insert into place_entity (name, address, city) values ('Tony', '2 Mitchell Alley', 'Rochester');
insert into place_entity (name, address, city) values ('Fordem', '306 2nd Junction', 'Sendangagung');
insert into place_entity (name, address, city) values ('Schmedeman', '3 Vernon Alley', 'Rappang');
insert into place_entity (name, address, city) values ('Summit', '6205 Clemons Terrace', 'Tiko');
insert into place_entity (name, address, city) values ('Delladonna', '6 Lotheville Place', 'Kaliasin');
insert into place_entity (name, address, city) values ('Shasta', '44167 Magdeline Center', 'San Miguel');
insert into place_entity (name, address, city) values ('Ruskin', '31392 Buena Vista Drive', 'Mabua');
insert into place_entity (name, address, city) values ('Westridge', '08676 Shasta Alley', 'Colón');
insert into place_entity (name, address, city) values ('Vidon', '145 Mcguire Plaza', 'Taiobeiras');
insert into place_entity (name, address, city) values ('Melody', '8 Kensington Avenue', 'Beizhakou');
insert into place_entity (name, address, city) values ('Cascade', '4788 Donald Trail', 'Codrington');
insert into place_entity (name, address, city) values ('Browning', '29 Ridge Oak Place', 'High Prairie');
insert into place_entity (name, address, city) values ('Riverside', '472 Tennessee Alley', 'Mahalapye');
insert into place_entity (name, address, city) values ('Ramsey', '88 Karstens Drive', 'Ceibas');
insert into place_entity (name, address, city) values ('Continental', '3268 Holmberg Street', 'Taosha');
insert into place_entity (name, address, city) values ('Hagan', '62877 Division Street', 'Dobšice');
insert into place_entity (name, address, city) values ('Truax', '790 Little Fleur Trail', 'Boshchorbogh');
insert into place_entity (name, address, city) values ('Laurel', '74 Roth Crossing', 'Poděbrady');
insert into place_entity (name, address, city) values ('Golden Leaf', '443 Rusk Place', 'San José');
insert into place_entity (name, address, city) values ('Duke', '11 Bluejay Court', 'Jönköping');
insert into place_entity (name, address, city) values ('Moose', '020 Sauthoff Center', 'Sadkowice');
insert into place_entity (name, address, city) values ('Del Sol', '36164 Gina Avenue', 'Vuzenica');
insert into place_entity (name, address, city) values ('Macpherson', '1306 Walton Lane', 'Mahdia');
insert into place_entity (name, address, city) values ('Delladonna', '6399 Bunker Hill Park', 'Tambo Grande');
insert into place_entity (name, address, city) values ('Loeprich', '66 La Follette Crossing', 'Sedlčany');
insert into place_entity (name, address, city) values ('Dorton', '996 Vidon Crossing', 'Paraćin');
insert into place_entity (name, address, city) values ('Rusk', '36832 Paget Crossing', 'Segovia');
insert into place_entity (name, address, city) values ('Village Green', '3 8th Road', 'Shifan');
insert into place_entity (name, address, city) values ('Gulseth', '1100 Almo Avenue', 'Long Thành');
insert into place_entity (name, address, city) values ('Warbler', '66700 Rieder Circle', 'Palayan City');
insert into place_entity (name, address, city) values ('Sutherland', '4 Dennis Road', 'Panalanoy');
insert into place_entity (name, address, city) values ('New Castle', '12279 Aberg Drive', 'Itambé');
insert into place_entity (name, address, city) values ('Shoshone', '10 Talmadge Way', 'Vila Velha');
insert into place_entity (name, address, city) values ('8th', '31 Texas Road', 'Kladovo');
insert into place_entity (name, address, city) values ('Oriole', '5518 Donald Parkway', 'Kanal');
insert into place_entity (name, address, city) values ('Barby', '7265 Bayside Drive', 'Borovan');
insert into place_entity (name, address, city) values ('Old Gate', '5 Hintze Pass', 'Banjar Lalangpasek');
insert into place_entity (name, address, city) values ('Melrose', '2550 Norway Maple Plaza', 'Dayan');
insert into place_entity (name, address, city) values ('Gina', '8 Burning Wood Lane', 'Yantian');
insert into place_entity (name, address, city) values ('Nobel', '928 Lotheville Pass', 'Juan L. Lacaze');
insert into place_entity (name, address, city) values ('West', '0673 Westridge Avenue', 'Wolfville');
insert into place_entity (name, address, city) values ('International', '64863 Rutledge Street', 'Kurashiki');
insert into place_entity (name, address, city) values ('Bayside', '148 Mesta Drive', 'Jintan');
insert into place_entity (name, address, city) values ('Bay', '2274 Village Green Lane', 'Kutasari');
insert into place_entity (name, address, city) values ('Waubesa', '154 Spohn Point', 'Foumbouni');
insert into place_entity (name, address, city) values ('Eliot', '15664 Russell Parkway', 'Sauga');
insert into place_entity (name, address, city) values ('5th', '23763 Fulton Plaza', 'Bualan');
insert into place_entity (name, address, city) values ('Longview', '4838 Lindbergh Lane', 'Nancheng');
insert into place_entity (name, address, city) values ('Hovde', '07 Melby Hill', 'Chalu');
insert into place_entity (name, address, city) values ('Veith', '30076 High Crossing Junction', 'Schiltigheim');
insert into place_entity (name, address, city) values ('Claremont', '6 Lakeland Junction', 'Beppu');
insert into place_entity (name, address, city) values ('Leroy', '45740 Arrowood Center', 'Heting');
insert into place_entity (name, address, city) values ('Dennis', '84 Declaration Place', 'Xinan');
insert into place_entity (name, address, city) values ('Carioca', '3 Meadow Ridge Point', 'Dagang');
insert into place_entity (name, address, city) values ('Manufacturers', '92 Center Parkway', 'Kotovsk');
insert into place_entity (name, address, city) values ('Comanche', '2796 Del Mar Drive', 'Atap');
insert into place_entity (name, address, city) values ('Commercial', '2 Canary Lane', 'Tanghu');
insert into place_entity (name, address, city) values ('Towne', '211 Pearson Center', 'Shatura');
insert into place_entity (name, address, city) values ('Jana', '0 Johnson Avenue', 'Guarda Nova');
insert into place_entity (name, address, city) values ('New Castle', '47763 Reinke Terrace', 'Shuanghe');
insert into place_entity (name, address, city) values ('Lindbergh', '48635 Anhalt Plaza', 'Cogtong');
insert into place_entity (name, address, city) values ('Holy Cross', '852 Carioca Avenue', 'Avignon');
insert into place_entity (name, address, city) values ('Marquette', '54285 Moose Parkway', 'Meghrashen');
insert into place_entity (name, address, city) values ('Farragut', '670 Kipling Center', 'Ljig');
insert into place_entity (name, address, city) values ('Hanover', '77056 Moose Alley', 'Shihudang');
insert into place_entity (name, address, city) values ('Bellgrove', '6 Autumn Leaf Way', 'Utrecht (stad)');
insert into place_entity (name, address, city) values ('Northport', '4699 Victoria Place', 'Barão de São Miguel');
insert into place_entity (name, address, city) values ('Sauthoff', '7059 5th Junction', 'Ilihan');
insert into place_entity (name, address, city) values ('Sutteridge', '968 Mallard Terrace', 'María la Baja');
insert into place_entity (name, address, city) values ('Tomscot', '10 Schiller Lane', 'Belle-Anse');
insert into place_entity (name, address, city) values ('Pleasure', '586 Spaight Plaza', 'Lingkou');
insert into place_entity (name, address, city) values ('Pleasure', '401 Walton Plaza', 'Cầu Giát');
insert into place_entity (name, address, city) values ('Butterfield', '3 Sundown Terrace', 'Sipeng');
insert into place_entity (name, address, city) values ('Kingsford', '6 Hagan Place', 'Ziniaré');
insert into place_entity (name, address, city) values ('Bobwhite', '8637 Burning Wood Alley', 'Wuhe Chengguanzhen');
insert into place_entity (name, address, city) values ('Kinsman', '5 Anzinger Center', 'Ipu');
insert into place_entity (name, address, city) values ('Shelley', '311 Tomscot Trail', 'Épernay');
insert into place_entity (name, address, city) values ('Glacier Hill', '45 Sachs Park', 'Akhtarīn');
insert into place_entity (name, address, city) values ('Buell', '90 Dahle Crossing', 'Al Jawādīyah');
insert into place_entity (name, address, city) values ('Hanson', '0 Linden Circle', 'Meijiang');
insert into place_entity (name, address, city) values ('Eagle Crest', '46918 Mariners Cove Alley', 'Sapu Padidu');
insert into place_entity (name, address, city) values ('Dunning', '12 Toban Drive', 'Oefau');
insert into place_entity (name, address, city) values ('Fulton', '11 Lien Avenue', 'Rolante');
insert into place_entity (name, address, city) values ('Kenwood', '057 Macpherson Plaza', 'Langkaplancar');
insert into place_entity (name, address, city) values ('Artisan', '4 Blue Bill Park Drive', 'Siikainen');
insert into place_entity (name, address, city) values ('Roth', '271 Westridge Pass', 'Zábřeh');
insert into place_entity (name, address, city) values ('Dorton', '96714 Linden Lane', 'Esperanza');
insert into place_entity (name, address, city) values ('Iowa', '76318 Longview Drive', 'Famatina');
insert into place_entity (name, address, city) values ('Merchant', '01 Moose Street', 'Kirkkonummi');
insert into place_entity (name, address, city) values ('Riverside', '378 High Crossing Place', 'Bol’shoy Karay');
insert into place_entity (name, address, city) values ('Pleasure', '46 Stone Corner Hill', 'Puyan');
insert into place_entity (name, address, city) values ('Victoria', '70851 Haas Trail', 'Nancheng');
insert into place_entity (name, address, city) values ('Thackeray', '93915 Michigan Road', 'Mégara');
insert into place_entity (name, address, city) values ('Kropf', '54 Golf Course Terrace', 'Sirinhaém');
insert into place_entity (name, address, city) values ('Browning', '7 Onsgard Center', 'Savyon');
insert into place_entity (name, address, city) values ('Florence', '02 Jay Trail', 'Badeggi');
insert into place_entity (name, address, city) values ('Westridge', '40 Thierer Junction', 'Xinghua');
insert into place_entity (name, address, city) values ('Kennedy', '5107 Steensland Way', 'Haarlem');
insert into place_entity (name, address, city) values ('Lighthouse Bay', '47993 High Crossing Alley', 'El Corozo');
insert into place_entity (name, address, city) values ('John Wall', '807 Hermina Avenue', 'Wanshi');
insert into place_entity (name, address, city) values ('Linden', '64841 Marcy Alley', 'Kepoh');
insert into place_entity (name, address, city) values ('Drewry', '48594 Quincy Crossing', 'Macas');
insert into place_entity (name, address, city) values ('Welch', '00298 Center Plaza', 'Hoçisht');
insert into place_entity (name, address, city) values ('Farwell', '113 Trailsway Place', 'Encrucijada');
insert into place_entity (name, address, city) values ('Sycamore', '83226 Nevada Place', 'Kuybyshev');
insert into place_entity (name, address, city) values ('Carioca', '0161 Duke Junction', 'Banjar Dauhmargi');
insert into place_entity (name, address, city) values ('Jay', '99243 Forest Place', 'Itaperuna');
insert into place_entity (name, address, city) values ('Clove', '643 Farragut Plaza', 'Confey');
insert into place_entity (name, address, city) values ('Park Meadow', '60 Springview Junction', 'Momil');
insert into place_entity (name, address, city) values ('Maple', '4033 Fair Oaks Circle', 'Gazli');
insert into place_entity (name, address, city) values ('Forest', '408 Derek Circle', 'Yanghong');
insert into place_entity (name, address, city) values ('Nelson', '13528 Algoma Lane', 'Czarnowąsy');
insert into place_entity (name, address, city) values ('Bay', '7 Marquette Lane', 'Longqiao');
insert into place_entity (name, address, city) values ('Southridge', '9060 Debra Plaza', 'Cashel');
insert into place_entity (name, address, city) values ('Cherokee', '223 Stang Place', 'Gilowice');
insert into place_entity (name, address, city) values ('American', '2 Eagle Crest Center', 'Końskowola');
insert into place_entity (name, address, city) values ('Clemons', '2397 Drewry Point', 'Margita');
insert into place_entity (name, address, city) values ('Raven', '5 Golf View Junction', 'Gisiliba');
insert into place_entity (name, address, city) values ('Colorado', '0486 Del Mar Avenue', 'Quebo');
insert into place_entity (name, address, city) values ('Clove', '2085 Waywood Center', 'Philadelphia');
insert into place_entity (name, address, city) values ('Mendota', '7 Sunnyside Point', 'Vanadjou');
insert into place_entity (name, address, city) values ('Farmco', '45 Jay Crossing', 'Baracatan');
insert into place_entity (name, address, city) values ('Farragut', '63 Lillian Lane', 'Serra da Boa Viagem');
insert into place_entity (name, address, city) values ('Knutson', '7 Westridge Court', 'Xianchiyu');
insert into place_entity (name, address, city) values ('Division', '4232 Northview Street', 'Évry');
insert into place_entity (name, address, city) values ('Service', '184 Village Green Crossing', 'Dongping');
insert into place_entity (name, address, city) values ('Mayfield', '80687 Del Mar Court', 'Ponta do Sol');
insert into place_entity (name, address, city) values ('International', '65 Westport Junction', 'Sukhothai');
insert into place_entity (name, address, city) values ('Trailsway', '9765 Northport Court', 'Loikaw');
insert into place_entity (name, address, city) values ('John Wall', '91397 Huxley Road', 'Pombal');
insert into place_entity (name, address, city) values ('Scott', '0924 Surrey Park', 'Pico Truncado');
insert into place_entity (name, address, city) values ('Pond', '7212 Erie Terrace', 'António Enes');
insert into place_entity (name, address, city) values ('Laurel', '1 Bonner Way', 'Koubia');
insert into place_entity (name, address, city) values ('Nobel', '6 Corry Terrace', 'Torbeyevo');
insert into place_entity (name, address, city) values ('Nobel', '886 Erie Road', 'Penanggungan');
insert into place_entity (name, address, city) values ('Hovde', '34 Lukken Lane', 'Las Minas');
insert into place_entity (name, address, city) values ('Schlimgen', '08 International Point', 'Wąbrzeźno');
insert into place_entity (name, address, city) values ('Kingsford', '2 Sachs Pass', 'Boquira');
insert into place_entity (name, address, city) values ('Washington', '04455 Springview Place', 'Nunsena');
insert into place_entity (name, address, city) values ('Commercial', '210 Sutherland Point', 'Huaxijie');
insert into place_entity (name, address, city) values ('Melvin', '2310 Summerview Point', 'Yunxian Chengguanzhen');
insert into place_entity (name, address, city) values ('Rutledge', '09498 Stuart Avenue', 'Mersam');
insert into place_entity (name, address, city) values ('Badeau', '28 Lakewood Way', 'Kamensk-Shakhtinskiy');
insert into place_entity (name, address, city) values ('West', '39023 Chinook Court', 'Thayetmyo');
insert into place_entity (name, address, city) values ('Chive', '7533 Village Green Crossing', 'Namp’o');
insert into place_entity (name, address, city) values ('Upham', '73664 Darwin Pass', 'Santa Cruz Muluá');
insert into place_entity (name, address, city) values ('Jana', '7411 Larry Court', 'Caringin');
insert into place_entity (name, address, city) values ('Stone Corner', '68665 Becker Plaza', 'Bagombong');
insert into place_entity (name, address, city) values ('Fremont', '534 Summerview Circle', 'Julayjilah');
insert into place_entity (name, address, city) values ('Talmadge', '7385 Delladonna Court', 'Kitob');
insert into place_entity (name, address, city) values ('Badeau', '7627 Brown Alley', 'Fovissste');
insert into place_entity (name, address, city) values ('Kenwood', '1221 Welch Street', 'Berlin');
insert into place_entity (name, address, city) values ('Oxford', '6 Oriole Park', 'Jedung');
insert into place_entity (name, address, city) values ('Kennedy', '88626 Hovde Court', 'Dubreuil');
insert into place_entity (name, address, city) values ('Upham', '8 Quincy Hill', 'Cergy-Pontoise');
insert into place_entity (name, address, city) values ('Truax', '89 Alpine Parkway', 'Komorniki');
insert into place_entity (name, address, city) values ('Heffernan', '2 Kings Parkway', 'Boskovice');
insert into place_entity (name, address, city) values ('Northfield', '56311 Nevada Street', 'Pingshan');
insert into place_entity (name, address, city) values ('Saint Paul', '386 Spenser Avenue', 'Al Khāniq');
insert into place_entity (name, address, city) values ('Goodland', '0 Graedel Place', 'Magetlegar');
insert into place_entity (name, address, city) values ('Chive', '045 Pankratz Road', 'Bilar');
insert into place_entity (name, address, city) values ('Tomscot', '179 Comanche Plaza', 'Jianfeng');
insert into place_entity (name, address, city) values ('Utah', '5064 Evergreen Trail', 'Ribaldeira');
insert into place_entity (name, address, city) values ('Butterfield', '17 Fisk Circle', 'Rychvald');
insert into place_entity (name, address, city) values ('Harbort', '46 Dexter Road', 'Zamostochcha');
insert into place_entity (name, address, city) values ('Clemons', '05178 Fair Oaks Circle', 'Sibaté');
insert into place_entity (name, address, city) values ('Huxley', '02 Fallview Junction', 'Shaxi');
insert into place_entity (name, address, city) values ('Green', '3721 Carpenter Lane', 'Nailong');
insert into place_entity (name, address, city) values ('Basil', '1 Pawling Circle', 'Chak Two Hundred Forty-Nine TDA');
insert into place_entity (name, address, city) values ('Jana', '344 Thierer Street', 'Pavlovsk');
insert into place_entity (name, address, city) values ('Quincy', '9 Almo Way', 'Al Miftāḩ');
insert into place_entity (name, address, city) values ('Golf Course', '47040 Quincy Lane', 'Pita');
insert into place_entity (name, address, city) values ('Luster', '16 Hintze Hill', 'Stockholm');
insert into place_entity (name, address, city) values ('Hanson', '17161 Hazelcrest Place', 'Krousón');
insert into place_entity (name, address, city) values ('Atwood', '3 Heffernan Point', 'Marcabamba');
insert into place_entity (name, address, city) values ('Welch', '96 Bashford Park', 'Murzuq');
insert into place_entity (name, address, city) values ('Fremont', '86 Vidon Plaza', 'Qiaosi');
insert into place_entity (name, address, city) values ('Westerfield', '4439 Graceland Road', 'Eslöv');
insert into place_entity (name, address, city) values ('Leroy', '35 Holmberg Parkway', 'Yanjiao');
insert into place_entity (name, address, city) values ('Division', '8 Dunning Plaza', 'Novotroitsk');
insert into place_entity (name, address, city) values ('Paget', '41880 Garrison Pass', 'San Carlos de Bolívar');
insert into place_entity (name, address, city) values ('Commercial', '1408 Basil Avenue', 'Thị Trấn Mộc Châu');
insert into place_entity (name, address, city) values ('Grim', '3022 Blackbird Crossing', 'Baltimore');
insert into place_entity (name, address, city) values ('Dottie', '3 Randy Crossing', 'Kipini');
insert into place_entity (name, address, city) values ('Eggendart', '09944 Fuller Point', 'Dahay');
insert into place_entity (name, address, city) values ('Hanover', '0244 Debra Point', 'Åmål');
insert into place_entity (name, address, city) values ('Arkansas', '9 Victoria Alley', 'Vostok');
insert into place_entity (name, address, city) values ('Southridge', '8168 Golf View Drive', 'Tarvasjoki');
insert into place_entity (name, address, city) values ('Erie', '952 Pankratz Street', 'Manzanares');
insert into place_entity (name, address, city) values ('Scoville', '49186 Northport Parkway', 'Baoyou');
insert into place_entity (name, address, city) values ('North', '5247 Maywood Way', 'Zambujal');
insert into place_entity (name, address, city) values ('Messerschmidt', '55918 Kennedy Terrace', 'Maragogi');
insert into place_entity (name, address, city) values ('Gerald', '300 Northview Plaza', 'Shejiang');
insert into place_entity (name, address, city) values ('Bartelt', '01 Kensington Lane', 'Fkih Ben Salah');
insert into place_entity (name, address, city) values ('Longview', '00524 Clarendon Terrace', 'Hujiaying');
insert into place_entity (name, address, city) values ('Westerfield', '2 Park Meadow Avenue', 'Niandui');
insert into place_entity (name, address, city) values ('Barby', '66 Grover Alley', 'Belopa');
insert into place_entity (name, address, city) values ('High Crossing', '03204 Sommers Trail', 'Frankfurt am Main');
insert into place_entity (name, address, city) values ('Brickson Park', '766 Rowland Place', 'Pinghu');
insert into place_entity (name, address, city) values ('Gina', '67835 Colorado Center', 'Kobelyaky');
insert into place_entity (name, address, city) values ('Laurel', '3016 Pawling Way', 'Pereira Barreto');
insert into place_entity (name, address, city) values ('Stephen', '4298 Morrow Place', 'Kangdong-ŭp');
insert into place_entity (name, address, city) values ('East', '291 Magdeline Center', 'Caherconlish');
insert into place_entity (name, address, city) values ('Sullivan', '38553 Ruskin Terrace', 'Liangnong');
insert into place_entity (name, address, city) values ('Harbort', '56180 Welch Circle', 'Sangpi');
insert into place_entity (name, address, city) values ('Arkansas', '5515 Parkside Center', 'Castro Barros');
insert into place_entity (name, address, city) values ('Helena', '222 Jenna Way', 'Ratoath');
insert into place_entity (name, address, city) values ('Schiller', '62976 Pepper Wood Point', 'Studzionka');
insert into place_entity (name, address, city) values ('Hazelcrest', '29 Elgar Court', 'Mabugang');
insert into place_entity (name, address, city) values ('David', '1401 Mandrake Hill', 'San Miguel Chicaj');
insert into place_entity (name, address, city) values ('Coleman', '1 Montana Avenue', 'Glinojeck');
insert into place_entity (name, address, city) values ('Eastwood', '48605 Reindahl Court', 'Si’erbao');
insert into place_entity (name, address, city) values ('Nevada', '53 Service Way', 'Radā‘');
insert into place_entity (name, address, city) values ('Morning', '72192 Kipling Way', 'Gromnik');
insert into place_entity (name, address, city) values ('Heath', '14917 Ramsey Crossing', 'Yangjia');
insert into place_entity (name, address, city) values ('Moulton', '7652 Comanche Plaza', 'Santai');
insert into place_entity (name, address, city) values ('Spenser', '963 Vernon Parkway', 'Al Ghayl');
insert into place_entity (name, address, city) values ('Stoughton', '8465 Scofield Circle', 'Bidikotak');
insert into place_entity (name, address, city) values ('Maple', '691 Forest Run Center', 'Guadalupe');
insert into place_entity (name, address, city) values ('Declaration', '596 Eagle Crest Way', 'Waishan');
insert into place_entity (name, address, city) values ('Welch', '2405 Alpine Trail', 'Bogandinskiy');
insert into place_entity (name, address, city) values ('Summit', '23 Jackson Place', 'Novovasylivka');
insert into place_entity (name, address, city) values ('Barby', '443 American Ash Drive', 'Honoria');
insert into place_entity (name, address, city) values ('Mendota', '81738 Muir Junction', 'Tuanshansi');
insert into place_entity (name, address, city) values ('High Crossing', '608 Upham Court', 'Wushishi');
insert into place_entity (name, address, city) values ('Bashford', '15 Ilene Point', 'Penambangan');
insert into place_entity (name, address, city) values ('Warbler', '7676 Nancy Circle', 'Ban Ratsada');
insert into place_entity (name, address, city) values ('East', '5751 Colorado Park', 'Bertelhe');
insert into place_entity (name, address, city) values ('Elka', '63 Loeprich Drive', 'Bayan Ewenke Minzu');
insert into place_entity (name, address, city) values ('Fordem', '107 Mitchell Place', 'Cipatujah');
insert into place_entity (name, address, city) values ('Manufacturers', '91 Almo Avenue', 'Delaware');
insert into place_entity (name, address, city) values ('Pepper Wood', '6984 Loeprich Plaza', 'Kiihtelysvaara');
insert into place_entity (name, address, city) values ('Gerald', '353 Bartelt Junction', 'Capitán Solari');
insert into place_entity (name, address, city) values ('Upham', '6 Doe Crossing Parkway', 'Qal‘at Bīshah');
insert into place_entity (name, address, city) values ('Coolidge', '21578 Michigan Parkway', 'Hitoyoshi');
insert into place_entity (name, address, city) values ('Northport', '26 Orin Park', 'Mambago');
insert into place_entity (name, address, city) values ('Hallows', '2 Lotheville Trail', 'Koungou');
insert into place_entity (name, address, city) values ('Southridge', '13 Towne Avenue', 'Guadalupe Victoria');
insert into place_entity (name, address, city) values ('Clove', '95101 Havey Drive', 'Hangu');
insert into place_entity (name, address, city) values ('Reinke', '85 Veith Circle', 'Al Ghizlānīyah');
insert into place_entity (name, address, city) values ('Aberg', '746 Nelson Parkway', 'Yushan');
insert into place_entity (name, address, city) values ('Chive', '5 Tomscot Circle', 'Muleng');
insert into place_entity (name, address, city) values ('Center', '60 Continental Avenue', 'Weitang');
insert into place_entity (name, address, city) values ('Havey', '531 Village Park', 'Tugdan');
insert into place_entity (name, address, city) values ('Monica', '66275 Nancy Crossing', 'Fengyuan');
insert into place_entity (name, address, city) values ('Debra', '86 Meadow Vale Pass', 'Vavoua');
insert into place_entity (name, address, city) values ('Cody', '9 Lakeland Trail', 'Tindog');
insert into place_entity (name, address, city) values ('Fieldstone', '1 Harper Hill', 'Wangbuzhuang');
insert into place_entity (name, address, city) values ('Talmadge', '079 Waywood Park', 'Igarra');
insert into place_entity (name, address, city) values ('Caliangt', '45031 Shoshone Court', 'Dawangzhuang');
insert into place_entity (name, address, city) values ('Bayside', '1546 Anderson Parkway', 'Lyon');
insert into place_entity (name, address, city) values ('Lake View', '10 Hagan Pass', 'Op');
insert into place_entity (name, address, city) values ('Rieder', '8 East Center', 'Hacı Zeynalabdin');
insert into place_entity (name, address, city) values ('Kenwood', '0 Main Place', 'Selorejo');
insert into place_entity (name, address, city) values ('Dryden', '484 Parkside Court', 'Jimaguayú');
insert into place_entity (name, address, city) values ('Doe Crossing', '55334 Sunnyside Parkway', 'Pásion');
insert into place_entity (name, address, city) values ('Kim', '214 Heffernan Plaza', 'Gelsenkirchen');
insert into place_entity (name, address, city) values ('Gulseth', '2 Badeau Street', 'Trondheim');
insert into place_entity (name, address, city) values ('Fieldstone', '747 Ryan Park', 'Louis Trichardt');
insert into place_entity (name, address, city) values ('Knutson', '97 South Place', 'Vodstroy');
insert into place_entity (name, address, city) values ('Union', '9 Schiller Plaza', 'Melbourne');
insert into place_entity (name, address, city) values ('Blue Bill Park', '03741 Nelson Place', 'Kostyantynivka');
insert into place_entity (name, address, city) values ('Hayes', '578 Artisan Hill', 'Lidingö');
insert into place_entity (name, address, city) values ('Westridge', '33 South Hill', 'Jönköping');
insert into place_entity (name, address, city) values ('Hudson', '20 Mcbride Circle', 'Calangain');
insert into place_entity (name, address, city) values ('Bashford', '0 Mandrake Court', 'Komiža');
insert into place_entity (name, address, city) values ('Troy', '25368 Waubesa Trail', 'Khovd');
insert into place_entity (name, address, city) values ('Randy', '20 Meadow Vale Road', 'Barberena');
insert into place_entity (name, address, city) values ('Tomscot', '9 Elka Crossing', 'Minanga Norte');
insert into place_entity (name, address, city) values ('Kingsford', '8088 Merry Place', 'Martinópolis');
insert into place_entity (name, address, city) values ('Londonderry', '25492 Mockingbird Lane', 'Lộc Bình');
insert into place_entity (name, address, city) values ('Dakota', '677 Farragut Place', 'Hrazdan');
insert into place_entity (name, address, city) values ('Canary', '12 Hanson Road', 'Zaqatala');
insert into place_entity (name, address, city) values ('Florence', '63926 Bluestem Circle', 'Berdorf');
insert into place_entity (name, address, city) values ('Lukken', '34 Roxbury Avenue', 'Novyye Gorki');
insert into place_entity (name, address, city) values ('Warner', '350 Merchant Hill', 'Aldeia');
insert into place_entity (name, address, city) values ('Hintze', '3867 Claremont Trail', 'Qobu');
insert into place_entity (name, address, city) values ('Lyons', '892 Hayes Way', 'Bukowiec');
insert into place_entity (name, address, city) values ('Moose', '56485 1st Street', 'Vimmerby');
insert into place_entity (name, address, city) values ('Park Meadow', '7597 Walton Park', 'Zevenaar');
insert into place_entity (name, address, city) values ('Algoma', '6692 Hagan Point', 'Taiping');
insert into place_entity (name, address, city) values ('Little Fleur', '96821 Longview Point', 'Senta');
insert into place_entity (name, address, city) values ('4th', '96889 Nova Alley', 'Kalabo');
insert into place_entity (name, address, city) values ('Badeau', '163 Riverside Circle', 'Emin');
insert into place_entity (name, address, city) values ('Mcbride', '49 Delaware Parkway', 'Zarechnyy');
insert into place_entity (name, address, city) values ('Bartillon', '57 Thackeray Trail', 'Datong');
insert into place_entity (name, address, city) values ('Killdeer', '422 Cherokee Drive', 'Tempursari Wetan');
insert into place_entity (name, address, city) values ('6th', '3295 Clyde Gallagher Junction', 'Ōkawa');
insert into place_entity (name, address, city) values ('Elgar', '381 Beilfuss Plaza', 'Bestöbe');
insert into place_entity (name, address, city) values ('Northfield', '511 Hallows Alley', 'Oesao');
insert into place_entity (name, address, city) values ('Green Ridge', '87 Aberg Terrace', 'Bologoye');
insert into place_entity (name, address, city) values ('Monument', '637 Walton Lane', 'Baizhang');
insert into place_entity (name, address, city) values ('Monterey', '5535 Shoshone Terrace', 'Bardo');
insert into place_entity (name, address, city) values ('Troy', '273 Morrow Center', 'Kefar Shemaryahu');
insert into place_entity (name, address, city) values ('Wayridge', '0 Talisman Park', 'Changsu');
insert into place_entity (name, address, city) values ('Hallows', '4 Harper Avenue', 'Varberg');
insert into place_entity (name, address, city) values ('Bultman', '7902 Vermont Point', 'Wola Jachowa');
insert into place_entity (name, address, city) values ('Logan', '642 Northland Hill', 'Asyūţ');
insert into place_entity (name, address, city) values ('Novick', '986 Towne Plaza', 'Talambung Laok');
insert into place_entity (name, address, city) values ('Pond', '66505 Briar Crest Junction', 'Tshela');
insert into place_entity (name, address, city) values ('Westerfield', '230 Kings Way', 'Xingnong');
insert into place_entity (name, address, city) values ('Logan', '3 Rowland Road', 'Gayamsari');
insert into place_entity (name, address, city) values ('Union', '466 Sunfield Point', 'Chiguirip');
insert into place_entity (name, address, city) values ('Mccormick', '5 Daystar Point', 'Bakıxanov');
insert into place_entity (name, address, city) values ('Del Sol', '0515 Novick Point', 'Asahi');
insert into place_entity (name, address, city) values ('Jenifer', '74851 Schlimgen Lane', 'Lajaluhur');
insert into place_entity (name, address, city) values ('Haas', '223 Golf Course Center', 'Kilju');
insert into place_entity (name, address, city) values ('Sunbrook', '33 American Ash Lane', 'Mascouche');
insert into place_entity (name, address, city) values ('Kinsman', '9 Elgar Crossing', 'Malunda');
insert into place_entity (name, address, city) values ('Village', '107 Sullivan Street', 'Socorro');
insert into place_entity (name, address, city) values ('Carpenter', '1 Meadow Ridge Junction', 'Sepolong Timur');
insert into place_entity (name, address, city) values ('Fisk', '90430 6th Lane', 'Korsze');
insert into place_entity (name, address, city) values ('Arkansas', '2881 Karstens Trail', 'Trasak');
insert into place_entity (name, address, city) values ('Rieder', '90162 Arrowood Plaza', 'Ulster Spring');
insert into place_entity (name, address, city) values ('Ohio', '805 International Parkway', 'Qiryat Shemona');
insert into place_entity (name, address, city) values ('Dottie', '4 Glendale Court', 'Hutou');
insert into place_entity (name, address, city) values ('Schlimgen', '6917 Troy Trail', 'Pacora');
insert into place_entity (name, address, city) values ('Sugar', '5666 Kinsman Drive', 'Lexington');
insert into place_entity (name, address, city) values ('Arrowood', '3775 Continental Avenue', 'Qingzhou');
insert into place_entity (name, address, city) values ('Schurz', '56 School Terrace', 'Tiantang');
insert into place_entity (name, address, city) values ('Walton', '3 Jana Road', 'Sishilichengzi');
insert into place_entity (name, address, city) values ('Ramsey', '75754 Welch Point', 'Hongguang');
insert into place_entity (name, address, city) values ('Sunbrook', '43 Ronald Regan Hill', 'Orhon');
insert into place_entity (name, address, city) values ('Lawn', '4726 Talmadge Place', 'Arvika');
insert into place_entity (name, address, city) values ('Gateway', '176 Bayside Parkway', 'Międzybrodzie Bialskie');
insert into place_entity (name, address, city) values ('Doe Crossing', '8 Namekagon Place', 'Shajia’ao');
insert into place_entity (name, address, city) values ('Carioca', '39 Helena Park', 'Yanglinshi');
insert into place_entity (name, address, city) values ('Village Green', '385 New Castle Trail', 'Gombe');
insert into place_entity (name, address, city) values ('Grasskamp', '6030 Nobel Drive', 'Nkayi');
insert into place_entity (name, address, city) values ('Spenser', '7943 Ramsey Place', 'Sukadana');
insert into place_entity (name, address, city) values ('Charing Cross', '833 Gina Center', 'Burtunay');
insert into place_entity (name, address, city) values ('Shoshone', '9140 Eggendart Place', 'Kayl');
insert into place_entity (name, address, city) values ('Eastwood', '83856 Pierstorff Street', 'Ibagué');
insert into place_entity (name, address, city) values ('Northridge', '65 Bonner Pass', 'Cergy-Pontoise');
insert into place_entity (name, address, city) values ('Schlimgen', '3 Dunning Center', 'Dasht-e Qal‘ah');
insert into place_entity (name, address, city) values ('Mesta', '0 Fremont Terrace', 'Butterworth');
insert into place_entity (name, address, city) values ('Hansons', '17486 Stuart Pass', 'Santo Amaro da Imperatriz');
insert into place_entity (name, address, city) values ('Daystar', '8 Lyons Terrace', 'Maleevsk');
insert into place_entity (name, address, city) values ('Anzinger', '79 Oriole Junction', 'Xichuan');
insert into place_entity (name, address, city) values ('Hintze', '481 Debs Terrace', 'Ấp Tân Ngãi');
insert into place_entity (name, address, city) values ('Starling', '047 Kinsman Road', 'Llaillay');
insert into place_entity (name, address, city) values ('Amoth', '41273 Park Meadow Court', 'Zhongxing');
insert into place_entity (name, address, city) values ('Grayhawk', '0437 Prairieview Crossing', 'Makubetsu');
insert into place_entity (name, address, city) values ('Maywood', '2 Coleman Park', 'Stord');
insert into place_entity (name, address, city) values ('Kingsford', '9 Onsgard Pass', 'Jatiwangi');
insert into place_entity (name, address, city) values ('Union', '3231 Eagan Way', 'Bandar-e Lengeh');
insert into place_entity (name, address, city) values ('Service', '4376 Village Green Drive', 'Florence');
insert into place_entity (name, address, city) values ('Del Sol', '20043 Thompson Road', 'Nyahururu');
insert into place_entity (name, address, city) values ('Canary', '94826 Prentice Trail', 'Capellanía');
insert into place_entity (name, address, city) values ('Westridge', '5840 Schlimgen Road', 'Novyye Cherëmushki');
insert into place_entity (name, address, city) values ('Wayridge', '2 Hintze Center', 'Santa Cruz De Tenerife');
insert into place_entity (name, address, city) values ('Messerschmidt', '57613 Mifflin Circle', 'Padre Burgos');
insert into place_entity (name, address, city) values ('Alpine', '73944 Daystar Center', 'Warri');
insert into place_entity (name, address, city) values ('Mcbride', '641 School Lane', 'Gubat');
insert into place_entity (name, address, city) values ('Anthes', '36637 Thackeray Parkway', 'Itapuí');
insert into place_entity (name, address, city) values ('Spohn', '43367 8th Parkway', 'Alburitel');
insert into place_entity (name, address, city) values ('Ramsey', '28009 Red Cloud Avenue', 'Troparëvo');
insert into place_entity (name, address, city) values ('Everett', '83019 Elmside Road', 'Sobral');
insert into place_entity (name, address, city) values ('Bayside', '6 Bunting Trail', 'Siedleczka');
insert into place_entity (name, address, city) values ('Service', '640 Lindbergh Road', 'Rio Novo do Sul');
insert into place_entity (name, address, city) values ('Killdeer', '807 Sundown Circle', 'North York');
insert into place_entity (name, address, city) values ('Dorton', '99853 Gulseth Circle', 'Dashtobod');
insert into place_entity (name, address, city) values ('Coleman', '673 Cardinal Alley', 'Kantharalak');
insert into place_entity (name, address, city) values ('Briar Crest', '620 Grim Alley', 'Araçatuba');
insert into place_entity (name, address, city) values ('Pankratz', '6 Troy Way', 'Uzdin');
insert into place_entity (name, address, city) values ('Helena', '18 Packers Circle', 'La Cruz');
insert into place_entity (name, address, city) values ('Loeprich', '58 Debra Court', 'Freiburg im Breisgau');
insert into place_entity (name, address, city) values ('Nelson', '880 Kennedy Pass', 'Sterlitamak');
insert into place_entity (name, address, city) values ('Heath', '4812 Grasskamp Plaza', 'Lomba do Loução');
insert into place_entity (name, address, city) values ('Main', '1 Maryland Lane', 'Iriga City');
insert into place_entity (name, address, city) values ('Becker', '306 Little Fleur Drive', 'Jiaowei');
insert into place_entity (name, address, city) values ('Sachs', '6 Namekagon Road', 'Třinec');
insert into place_entity (name, address, city) values ('Emmet', '0662 Sutherland Parkway', 'Kiyevskoye');
insert into place_entity (name, address, city) values ('2nd', '04490 Mifflin Circle', 'Haumeni');
insert into place_entity (name, address, city) values ('Marcy', '43802 Corry Street', 'Vällingby');
insert into place_entity (name, address, city) values ('Spohn', '5 Kim Plaza', 'Gangbian');
insert into place_entity (name, address, city) values ('Burning Wood', '3952 Everett Pass', 'Concordia');
insert into place_entity (name, address, city) values ('Rutledge', '0908 Logan Pass', 'Sindangsari');
insert into place_entity (name, address, city) values ('Red Cloud', '8485 Sunfield Street', 'Taiping');
insert into place_entity (name, address, city) values ('Haas', '13244 Dayton Parkway', 'El Crucero');
insert into place_entity (name, address, city) values ('Emmet', '7588 Ryan Terrace', 'Rizal');
insert into place_entity (name, address, city) values ('Sutherland', '69094 Grasskamp Junction', 'Juvisy-sur-Orge');
insert into place_entity (name, address, city) values ('Buena Vista', '30917 Bultman Way', 'Nerokoúros');
insert into place_entity (name, address, city) values ('Hanover', '5 Blue Bill Park Court', 'Al Bāţinah');
insert into place_entity (name, address, city) values ('Holmberg', '1982 Iowa Drive', 'Shaxi');
insert into place_entity (name, address, city) values ('Farmco', '00 Mesta Avenue', 'Progreso');
insert into place_entity (name, address, city) values ('Westridge', '514 Artisan Pass', 'Mudon');
insert into place_entity (name, address, city) values ('Harper', '63066 Toban Hill', 'Liushun');
insert into place_entity (name, address, city) values ('Green Ridge', '0 Stone Corner Pass', 'Maripipi');
insert into place_entity (name, address, city) values ('Welch', '94912 Birchwood Junction', 'Khānpur');
insert into place_entity (name, address, city) values ('Thompson', '14 Forest Crossing', 'Toulouse');
insert into place_entity (name, address, city) values ('Roth', '4083 Manitowish Hill', 'Zhenghu');
insert into place_entity (name, address, city) values ('Kennedy', '757 Little Fleur Court', 'Indianapolis');
insert into place_entity (name, address, city) values ('Cascade', '5 Grover Plaza', 'Kanda');
insert into place_entity (name, address, city) values ('Rieder', '02 Prentice Road', 'Banjar Beratan');
insert into place_entity (name, address, city) values ('Duke', '40375 Almo Court', 'Saint-Étienne');
insert into place_entity (name, address, city) values ('Hanover', '41040 Autumn Leaf Center', 'Culacling');
insert into place_entity (name, address, city) values ('Buena Vista', '49 Delladonna Junction', 'Bielefeld');
insert into place_entity (name, address, city) values ('Roxbury', '684 Hooker Court', 'Kildare');
insert into place_entity (name, address, city) values ('Karstens', '5 Truax Street', 'Bodø');
insert into place_entity (name, address, city) values ('Nancy', '3 Ridgeview Circle', 'Santo Amador');
insert into place_entity (name, address, city) values ('Shasta', '7530 Redwing Street', 'Kocēni');
insert into place_entity (name, address, city) values ('Anderson', '70 Oak Place', 'Yashio-shi');
insert into place_entity (name, address, city) values ('Claremont', '8 Southridge Pass', 'Sanligang');
insert into place_entity (name, address, city) values ('Susan', '301 Red Cloud Crossing', 'Otaslavice');
insert into place_entity (name, address, city) values ('Nobel', '29717 Towne Pass', 'Jaru');
insert into place_entity (name, address, city) values ('Warbler', '6 Pearson Terrace', 'Panjiang');
insert into place_entity (name, address, city) values ('Carberry', '369 Fisk Park', 'Xingzi');
insert into place_entity (name, address, city) values ('Manitowish', '60 Eagle Crest Place', 'Nara');
insert into place_entity (name, address, city) values ('Sheridan', '6758 Holmberg Crossing', 'Mishima');
insert into place_entity (name, address, city) values ('Kensington', '43 Charing Cross Lane', 'Magole');
insert into place_entity (name, address, city) values ('Fulton', '17 Dakota Park', 'Wang Saphung');
insert into place_entity (name, address, city) values ('Everett', '28972 Eagan Parkway', 'Qiaotou');
insert into place_entity (name, address, city) values ('Delaware', '814 Hollow Ridge Terrace', 'Tumauini');
insert into place_entity (name, address, city) values ('Ilene', '13011 Heath Road', 'Inuyama');
insert into place_entity (name, address, city) values ('Anthes', '6567 Arizona Point', 'Escazú');
insert into place_entity (name, address, city) values ('Drewry', '57334 Scoville Avenue', 'Qinghua');
insert into place_entity (name, address, city) values ('Jay', '6662 Morningstar Way', 'Calimita');
insert into place_entity (name, address, city) values ('Anthes', '357 Utah Drive', 'Kamiichi');
insert into place_entity (name, address, city) values ('Maple', '87460 Mandrake Point', 'Trinidad');
insert into place_entity (name, address, city) values ('Menomonie', '931 Petterle Place', 'Filabusi');
insert into place_entity (name, address, city) values ('Straubel', '2427 Havey Circle', 'Quibdó');
insert into place_entity (name, address, city) values ('Burrows', '293 Goodland Park', 'Tanggul Wetan');
insert into place_entity (name, address, city) values ('Sauthoff', '9 Mayfield Junction', 'Wujiabao');
insert into place_entity (name, address, city) values ('Butterfield', '9 Moland Road', 'Novokizhinginsk');
insert into place_entity (name, address, city) values ('Emmet', '60244 Washington Trail', 'Caomiao');
insert into place_entity (name, address, city) values ('Delladonna', '71 Algoma Place', 'Franco da Rocha');
insert into place_entity (name, address, city) values ('Glendale', '6 Center Drive', 'Uren’');
insert into place_entity (name, address, city) values ('Dapin', '9836 Twin Pines Plaza', 'Les Abymes');
insert into place_entity (name, address, city) values ('Fulton', '442 Lien Circle', 'Xihe');
insert into place_entity (name, address, city) values ('Vahlen', '979 Heath Avenue', 'Jiang’an');
insert into place_entity (name, address, city) values ('Florence', '5713 Mitchell Parkway', 'Sorang');
insert into place_entity (name, address, city) values ('Ridgeway', '55209 Schurz Parkway', 'Oslo');
insert into place_entity (name, address, city) values ('Eagan', '6 Morning Road', 'Ōtawara');
insert into place_entity (name, address, city) values ('Swallow', '0416 School Place', 'Dingcheng');
insert into place_entity (name, address, city) values ('Emmet', '331 Walton Hill', 'Sindi');
insert into place_entity (name, address, city) values ('Rockefeller', '861 Merchant Alley', 'Łazy');
insert into place_entity (name, address, city) values ('Morning', '78 Red Cloud Parkway', 'Veinticinco de Mayo');
insert into place_entity (name, address, city) values ('Northridge', '44 Southridge Plaza', 'Tranås');
insert into place_entity (name, address, city) values ('Menomonie', '13927 Express Parkway', 'Rowokangkung');
insert into place_entity (name, address, city) values ('Stephen', '3 Dexter Center', 'Beskolen');
insert into place_entity (name, address, city) values ('Nelson', '20852 Coleman Hill', 'Kangar');
insert into place_entity (name, address, city) values ('Upham', '571 Karstens Terrace', 'Huangshi');
insert into place_entity (name, address, city) values ('Butternut', '646 Carpenter Trail', 'Shuigou’ao');
insert into place_entity (name, address, city) values ('Messerschmidt', '934 Novick Place', 'Sumberjati');
insert into place_entity (name, address, city) values ('Park Meadow', '60 Ilene Place', 'Gucun');
insert into place_entity (name, address, city) values ('Bashford', '447 Oneill Court', 'Widorokandang');
insert into place_entity (name, address, city) values ('Melvin', '80 Stephen Drive', 'R S');
insert into place_entity (name, address, city) values ('Brickson Park', '65 Carey Park', 'Comal');
insert into place_entity (name, address, city) values ('Sommers', '5 Corry Center', 'Gushan');
insert into place_entity (name, address, city) values ('Morningstar', '71 Talmadge Alley', 'Bella Vista');
insert into place_entity (name, address, city) values ('Morrow', '113 Morningstar Avenue', 'Tyrnyauz');
insert into place_entity (name, address, city) values ('Fremont', '3058 Carberry Court', 'Pechersk');
insert into place_entity (name, address, city) values ('Cambridge', '1767 Nelson Center', 'Aqsay');
insert into place_entity (name, address, city) values ('Packers', '586 Parkside Alley', 'Bilian');
insert into place_entity (name, address, city) values ('Scoville', '16587 Clove Crossing', 'Circasia');
insert into place_entity (name, address, city) values ('Milwaukee', '2 Dryden Circle', 'Delft');
insert into place_entity (name, address, city) values ('Iowa', '95811 Montana Way', 'Heerlen');
insert into place_entity (name, address, city) values ('Armistice', '1403 Golf Point', 'El Obeid');
insert into place_entity (name, address, city) values ('Ramsey', '6 Elka Pass', 'Longsha');
insert into place_entity (name, address, city) values ('Carpenter', '9681 Killdeer Junction', 'Kilinochchi');
insert into place_entity (name, address, city) values ('Veith', '015 Bayside Trail', 'Pirot');
insert into place_entity (name, address, city) values ('Mesta', '46323 Jana Street', 'La Puerta de San José');
insert into place_entity (name, address, city) values ('Loftsgordon', '70 Gale Street', 'Polen');
insert into place_entity (name, address, city) values ('Scoville', '58698 Sycamore Place', 'Jaruco');
insert into place_entity (name, address, city) values ('Autumn Leaf', '5 Comanche Point', 'Xinyi');
insert into place_entity (name, address, city) values ('Oak', '91 Stuart Hill', 'Kota Kinabalu');
insert into place_entity (name, address, city) values ('Fallview', '1134 Northview Parkway', 'Foros do Trapo');
insert into place_entity (name, address, city) values ('Commercial', '8 Harper Park', 'Selaphum');
insert into place_entity (name, address, city) values ('Duke', '964 Springs Place', 'Pataruman');
insert into place_entity (name, address, city) values ('Little Fleur', '2166 Ohio Avenue', 'Buyunshan');
insert into place_entity (name, address, city) values ('Arapahoe', '2 Hagan Plaza', 'Hodkovice nad Mohelkou');
insert into place_entity (name, address, city) values ('Dahle', '7 Luster Terrace', 'Oklahoma City');
insert into place_entity (name, address, city) values ('Oneill', '7012 Reinke Hill', 'Prudentópolis');
insert into place_entity (name, address, city) values ('Judy', '134 Manufacturers Junction', 'Youzai');
insert into place_entity (name, address, city) values ('Bonner', '4 Eastwood Parkway', 'Yongfeng');
insert into place_entity (name, address, city) values ('Delaware', '17 Di Loreto Crossing', 'Cumanacoa');
insert into place_entity (name, address, city) values ('Corry', '91579 American Trail', 'Zamostochcha');
insert into place_entity (name, address, city) values ('Elmside', '448 South Plaza', 'Kikerino');
insert into place_entity (name, address, city) values ('Bonner', '2594 Grayhawk Plaza', 'Tegalwero');
insert into place_entity (name, address, city) values ('6th', '30563 Westport Junction', 'Zhenxi');
insert into place_entity (name, address, city) values ('Spohn', '732 Riverside Plaza', 'Malikisi');
insert into place_entity (name, address, city) values ('Everett', '63271 Luster Hill', 'Purwojoyo');
insert into place_entity (name, address, city) values ('Stephen', '9 Waubesa Avenue', 'Cotabambas');
insert into place_entity (name, address, city) values ('Arrowood', '90 Magdeline Circle', 'Kakamas');
insert into place_entity (name, address, city) values ('Warbler', '95012 Buena Vista Drive', 'Chuanbu');
insert into place_entity (name, address, city) values ('Truax', '71 Valley Edge Terrace', 'Babakan');
insert into place_entity (name, address, city) values ('Scoville', '8981 Jenna Plaza', 'Wucheng');
insert into place_entity (name, address, city) values ('Stang', '61 Ohio Pass', 'Muqi');
insert into place_entity (name, address, city) values ('Porter', '49864 Eagan Drive', 'Uzda');
insert into place_entity (name, address, city) values ('Fulton', '20309 Helena Park', 'Kuala Lumpur');
insert into place_entity (name, address, city) values ('Sugar', '46099 Cardinal Terrace', 'Klang');
insert into place_entity (name, address, city) values ('Eastwood', '1 Southridge Plaza', 'Buena Vista');
insert into place_entity (name, address, city) values ('Sage', '83507 Macpherson Trail', 'Gränna');
insert into place_entity (name, address, city) values ('Loomis', '0 Tennyson Avenue', 'Szklarska Poręba');
insert into place_entity (name, address, city) values ('Sage', '00 Redwing Alley', 'Paleran');
insert into place_entity (name, address, city) values ('Mayfield', '12 Maywood Junction', 'Cibungur');
insert into place_entity (name, address, city) values ('Carey', '299 Forest Dale Court', 'Miðvágur');
insert into place_entity (name, address, city) values ('Bartelt', '39683 Jay Terrace', 'Acacías');
insert into place_entity (name, address, city) values ('Talmadge', '9431 Atwood Junction', 'Vallentuna');
insert into place_entity (name, address, city) values ('Ilene', '1 Old Gate Court', 'Prakhon Chai');
insert into place_entity (name, address, city) values ('Lillian', '0 Rockefeller Crossing', 'Paghmān');
insert into place_entity (name, address, city) values ('Sommers', '01 Kensington Alley', 'Plettenberg Bay');
insert into place_entity (name, address, city) values ('Jay', '51640 Straubel Avenue', 'Izborsk');
insert into place_entity (name, address, city) values ('Mifflin', '0 Northport Drive', 'Watoona');
insert into place_entity (name, address, city) values ('Scoville', '44114 Pennsylvania Junction', 'Bitin');
insert into place_entity (name, address, city) values ('Redwing', '41322 American Hill', 'Walce');
insert into place_entity (name, address, city) values ('Rockefeller', '2 Badeau Pass', 'Buray');
insert into place_entity (name, address, city) values ('Kings', '2 Shoshone Pass', 'Kuanheum');
insert into place_entity (name, address, city) values ('Esker', '3125 Linden Junction', 'Azogues');
insert into place_entity (name, address, city) values ('Forest Run', '9000 Ronald Regan Parkway', 'Lujiao');
insert into place_entity (name, address, city) values ('Waubesa', '8 Main Avenue', 'Batuan');
insert into place_entity (name, address, city) values ('Lakeland', '5 Main Terrace', 'Benjamin Constant');
insert into place_entity (name, address, city) values ('Linden', '3200 Moland Trail', 'Ta Khmau');
insert into place_entity (name, address, city) values ('Morrow', '1695 Lakewood Crossing', 'Huata');
insert into place_entity (name, address, city) values ('Haas', '589 Cascade Plaza', 'Tashi');
insert into place_entity (name, address, city) values ('Kim', '0935 Tony Crossing', 'Ribeirão Pires');
insert into place_entity (name, address, city) values ('Loomis', '0072 Valley Edge Court', 'Nāḩiyat Alī ash Sharqī');
insert into place_entity (name, address, city) values ('Sachs', '833 Coleman Hill', 'Barakī Barak');
insert into place_entity (name, address, city) values ('Knutson', '91428 Shelley Hill', 'Svilajnac');
insert into place_entity (name, address, city) values ('Westridge', '30821 Michigan Terrace', 'Ilangay');
insert into place_entity (name, address, city) values ('2nd', '09270 Melby Avenue', 'Rancabolang');
insert into place_entity (name, address, city) values ('Center', '30654 Rutledge Road', 'Kericho');
insert into place_entity (name, address, city) values ('Jenna', '9 West Street', 'Milicz');
insert into place_entity (name, address, city) values ('Dahle', '400 Stuart Pass', 'Rozhdestveno');
insert into place_entity (name, address, city) values ('Vernon', '85 Crownhardt Center', 'Verkhov’ye');
insert into place_entity (name, address, city) values ('Eastlawn', '9 Ilene Center', 'Amarillo');
insert into place_entity (name, address, city) values ('Heffernan', '3202 Fairview Drive', 'Avignon');
insert into place_entity (name, address, city) values ('School', '385 Jackson Parkway', 'Umeå');
insert into place_entity (name, address, city) values ('Glendale', '57 Browning Place', 'Dobropillya');
insert into place_entity (name, address, city) values ('Bartelt', '531 Carey Pass', 'Jincheng');
insert into place_entity (name, address, city) values ('Spohn', '46 Maple Junction', 'Kadoma');
insert into place_entity (name, address, city) values ('Sutherland', '292 Arizona Hill', 'Aizhai');
insert into place_entity (name, address, city) values ('Lyons', '3891 Hoffman Plaza', 'Kali');
insert into place_entity (name, address, city) values ('Thierer', '2538 Green Pass', 'Xinhua');
insert into place_entity (name, address, city) values ('Buhler', '92 Nevada Hill', 'Tabālah');
insert into place_entity (name, address, city) values ('Novick', '6385 Northridge Place', 'Brasília');
insert into place_entity (name, address, city) values ('Dakota', '9 Barnett Parkway', 'Tando Muhammad Khān');
insert into place_entity (name, address, city) values ('Mayer', '9 Bayside Drive', 'Rāwandūz');
insert into place_entity (name, address, city) values ('Talisman', '02 Packers Hill', 'Paris La Défense');
insert into place_entity (name, address, city) values ('Sunbrook', '816 Becker Junction', 'Cirumput');
insert into place_entity (name, address, city) values ('Westerfield', '9 Fordem Avenue', 'Sancha');
insert into place_entity (name, address, city) values ('Eagan', '2825 Reinke Alley', 'Stříbro');
insert into place_entity (name, address, city) values ('Havey', '395 Linden Place', 'Sakassou');
insert into place_entity (name, address, city) values ('Vernon', '272 Ohio Avenue', 'Magisterial');
insert into place_entity (name, address, city) values ('Troy', '42 Donald Street', 'Nan’ao');
insert into place_entity (name, address, city) values ('Fairview', '6 Clyde Gallagher Hill', 'Isiolo');
insert into place_entity (name, address, city) values ('2nd', '833 Southridge Avenue', 'Fīrūzābād');
insert into place_entity (name, address, city) values ('Milwaukee', '996 Jenna Plaza', 'Le Kremlin-Bicêtre');
insert into place_entity (name, address, city) values ('Judy', '6273 Oriole Pass', 'Kashirskoye');
insert into place_entity (name, address, city) values ('Lighthouse Bay', '947 Rieder Crossing', 'Nglengkong');
insert into place_entity (name, address, city) values ('Quincy', '155 Saint Paul Point', 'Capalonga');
insert into place_entity (name, address, city) values ('Carpenter', '809 Gerald Pass', 'Cigalontang');
insert into place_entity (name, address, city) values ('Dixon', '6848 Glendale Junction', 'Kolonowskie');
insert into place_entity (name, address, city) values ('Arapahoe', '927 International Drive', 'Zhongshangang');
insert into place_entity (name, address, city) values ('Hallows', '27 Northport Trail', 'Örebro');
insert into place_entity (name, address, city) values ('Texas', '7922 Mockingbird Road', 'Gunungsubang');
insert into place_entity (name, address, city) values ('Nobel', '50 Sullivan Drive', 'Dasuk');
insert into place_entity (name, address, city) values ('Haas', '94 Iowa Way', 'Longzhouwan');
insert into place_entity (name, address, city) values ('Loomis', '3684 Bunker Hill Street', 'Las Vegas');
insert into place_entity (name, address, city) values ('6th', '1386 Glendale Avenue', 'Circasia');
insert into place_entity (name, address, city) values ('Becker', '4 Paget Way', 'Sironko');
insert into place_entity (name, address, city) values ('Mifflin', '049 Garrison Court', 'Yanggu’ao');
insert into place_entity (name, address, city) values ('8th', '665 Elgar Point', 'Umeå');
insert into place_entity (name, address, city) values ('Barnett', '60 Upham Lane', 'Penebel');
insert into place_entity (name, address, city) values ('La Follette', '20403 Packers Lane', 'Laprida');
insert into place_entity (name, address, city) values ('Graceland', '56 Helena Park', 'Pulong Gubat');
insert into place_entity (name, address, city) values ('Maple Wood', '49419 Texas Road', 'Haoxinying');
insert into place_entity (name, address, city) values ('Arizona', '4 Maple Way', 'Paris 07');
insert into place_entity (name, address, city) values ('Elgar', '9 Armistice Way', 'Gorna Oryakhovitsa');
insert into place_entity (name, address, city) values ('Orin', '767 Petterle Point', 'Cilangkap');
insert into place_entity (name, address, city) values ('Shelley', '9 Kipling Crossing', 'Mtambile');
insert into place_entity (name, address, city) values ('Paget', '749 Meadow Ridge Court', 'Siva');
insert into place_entity (name, address, city) values ('Jana', '45 Miller Junction', 'Talangnan');
insert into place_entity (name, address, city) values ('Delaware', '25 Washington Trail', 'Corgo');
insert into place_entity (name, address, city) values ('Ronald Regan', '42 Mockingbird Avenue', 'El Puente');
insert into place_entity (name, address, city) values ('Union', '516 Mosinee Way', 'Masty');
insert into place_entity (name, address, city) values ('Pearson', '0 Debra Alley', 'Detroit');
insert into place_entity (name, address, city) values ('Bay', '4250 Cody Drive', 'Santo Niño');
insert into place_entity (name, address, city) values ('Duke', '039 Schurz Road', 'Beitan');
insert into place_entity (name, address, city) values ('Northland', '473 Oriole Way', 'Velykyi Bereznyi');
insert into place_entity (name, address, city) values ('Roth', '66003 Carpenter Pass', 'Babo-Pangulo');
insert into place_entity (name, address, city) values ('Mendota', '722 Esch Center', 'Bronx');
insert into place_entity (name, address, city) values ('Tony', '05 Bartelt Terrace', 'Karara');
insert into place_entity (name, address, city) values ('Fair Oaks', '7 Lien Parkway', 'Pataruman');
insert into place_entity (name, address, city) values ('Helena', '594 Bunting Trail', 'Río Limpio');
insert into place_entity (name, address, city) values ('Golden Leaf', '3443 Starling Avenue', 'Nida');
insert into place_entity (name, address, city) values ('Moulton', '73 Barnett Avenue', 'Lesnoy');
insert into place_entity (name, address, city) values ('Morningstar', '60 Packers Pass', 'Xinwu');
insert into place_entity (name, address, city) values ('Green Ridge', '91032 Melrose Point', 'Montpellier');
insert into place_entity (name, address, city) values ('Shelley', '1654 Shelley Park', 'Gesikan');
insert into place_entity (name, address, city) values ('Corben', '3907 Main Crossing', 'At Tibnī');
insert into place_entity (name, address, city) values ('Hauk', '7081 Judy Place', 'Mazyr');
insert into place_entity (name, address, city) values ('Novick', '87747 Utah Point', 'Yangchao');
insert into place_entity (name, address, city) values ('Rigney', '29618 Gina Alley', 'Machala');
insert into place_entity (name, address, city) values ('Elmside', '5 Elgar Hill', 'Palebunan');
insert into place_entity (name, address, city) values ('Miller', '75465 Loomis Lane', 'Fort Worth');
insert into place_entity (name, address, city) values ('Ridgeview', '77928 Basil Hill', 'Libouchec');
insert into place_entity (name, address, city) values ('Hollow Ridge', '6186 Fisk Park', 'Maastricht');
insert into place_entity (name, address, city) values ('Goodland', '6 Butternut Place', 'Adare');
insert into place_entity (name, address, city) values ('Troy', '8839 Burrows Court', 'Czudec');
insert into place_entity (name, address, city) values ('Dahle', '73 John Wall Hill', 'Río Grande');
insert into place_entity (name, address, city) values ('Mcbride', '21490 Golf Road', 'Carcavelos');
insert into place_entity (name, address, city) values ('Kedzie', '1 Kropf Pass', 'Yangshan');
insert into place_entity (name, address, city) values ('Declaration', '725 Independence Terrace', 'København');
insert into place_entity (name, address, city) values ('Sachs', '01170 Kennedy Hill', 'Toroy');
insert into place_entity (name, address, city) values ('Monument', '1 Upham Place', 'Xiyang');
insert into place_entity (name, address, city) values ('Bultman', '723 Cascade Park', 'Fangxian');
insert into place_entity (name, address, city) values ('Leroy', '542 Westerfield Street', 'Beishan');
insert into place_entity (name, address, city) values ('Elka', '9414 Debs Crossing', 'Sambava');
insert into place_entity (name, address, city) values ('Grim', '2193 Hagan Junction', 'Oula Xiuma');
insert into place_entity (name, address, city) values ('Bobwhite', '07 Dakota Crossing', 'Sergiyev Posad');
insert into place_entity (name, address, city) values ('Crownhardt', '069 Eastwood Crossing', 'Shuitianzhuang');
insert into place_entity (name, address, city) values ('Ryan', '0 Haas Circle', 'Des Moines');
insert into place_entity (name, address, city) values ('Stephen', '63 Mcguire Junction', 'Macieira de Rates');
insert into place_entity (name, address, city) values ('Johnson', '8612 Holy Cross Circle', 'Hamburg');
insert into place_entity (name, address, city) values ('Southridge', '8183 Pond Way', 'Salimbalan');
insert into place_entity (name, address, city) values ('Fairfield', '51 Riverside Circle', 'Liulin');
insert into place_entity (name, address, city) values ('Arrowood', '09844 Algoma Alley', 'Zhanbei');
insert into place_entity (name, address, city) values ('Main', '115 Golf Course Way', 'Pontinha');
insert into place_entity (name, address, city) values ('Rockefeller', '067 Russell Road', 'Garango');
insert into place_entity (name, address, city) values ('Rockefeller', '6715 Ludington Place', 'Oleszyce');
insert into place_entity (name, address, city) values ('Golf View', '523 Brickson Park Lane', 'Sarkanjut');
insert into place_entity (name, address, city) values ('Surrey', '050 Del Sol Center', 'Wat Bot');
insert into place_entity (name, address, city) values ('Lunder', '01482 Thierer Plaza', 'São Domingos');
insert into place_entity (name, address, city) values ('Killdeer', '180 Maple Drive', 'Krajan Satu');
insert into place_entity (name, address, city) values ('Browning', '3 Nelson Drive', 'Kopong');
insert into place_entity (name, address, city) values ('Northport', '974 Dexter Drive', 'Bayan-Ovoo');
insert into place_entity (name, address, city) values ('North', '6084 Charing Cross Alley', 'Alejal');
insert into place_entity (name, address, city) values ('Talisman', '19 Di Loreto Street', 'Dizhai');
insert into place_entity (name, address, city) values ('Londonderry', '41 Kensington Park', 'Krasnotur’insk');
insert into place_entity (name, address, city) values ('Morningstar', '48 Algoma Terrace', 'Liuzhuang');
insert into place_entity (name, address, city) values ('Rusk', '062 1st Junction', 'Changsu');
insert into place_entity (name, address, city) values ('Blackbird', '0855 Springview Hill', 'Árgos');
insert into place_entity (name, address, city) values ('Westend', '962 Eastwood Way', 'Capitán Bermúdez');
insert into place_entity (name, address, city) values ('Monterey', '1556 Fairfield Point', 'Nacka');
insert into place_entity (name, address, city) values ('West', '3573 Northwestern Point', 'Camajuaní');
insert into place_entity (name, address, city) values ('Claremont', '096 Claremont Center', 'Emmen');
insert into place_entity (name, address, city) values ('Bartelt', '9 Almo Point', 'Qigzhi');
insert into place_entity (name, address, city) values ('Birchwood', '6872 Emmet Trail', 'Liverpool');
insert into place_entity (name, address, city) values ('Schmedeman', '2 New Castle Street', 'Taloy');
insert into place_entity (name, address, city) values ('Lakeland', '63 Hooker Place', 'Köln');
insert into place_entity (name, address, city) values ('Ramsey', '420 Crowley Avenue', 'Mercedes');
insert into place_entity (name, address, city) values ('Londonderry', '6590 Moland Circle', 'Katwijk');
insert into place_entity (name, address, city) values ('Express', '4 Dawn Parkway', 'Sindangjati');
insert into place_entity (name, address, city) values ('Summit', '54 Shopko Trail', 'Kabir');
insert into place_entity (name, address, city) values ('Helena', '27010 Lake View Point', 'Yonghe');
insert into place_entity (name, address, city) values ('Bultman', '50088 Bobwhite Park', 'Sezures');
insert into place_entity (name, address, city) values ('Lotheville', '3162 Nelson Pass', 'Maguilling');
insert into place_entity (name, address, city) values ('Eagan', '14 Elka Parkway', 'Yovon');
insert into place_entity (name, address, city) values ('Victoria', '6638 Westridge Center', 'Yinping');
insert into place_entity (name, address, city) values ('Kinsman', '80484 Bonner Hill', 'Rajsko');
insert into place_entity (name, address, city) values ('Sherman', '42 Loftsgordon Alley', 'Parelhas');
insert into place_entity (name, address, city) values ('Roxbury', '534 Manufacturers Trail', 'Dzhalilabad');
insert into place_entity (name, address, city) values ('Village', '58 Mallory Terrace', 'Capela');
insert into place_entity (name, address, city) values ('Dawn', '08 Gale Lane', 'Kuz’minskiye Otverzhki');
insert into place_entity (name, address, city) values ('Sheridan', '12 Bunker Hill Terrace', 'Moguqi');
insert into place_entity (name, address, city) values ('Jana', '9868 Clove Circle', 'At-Bashi');
insert into place_entity (name, address, city) values ('Blue Bill Park', '2 Muir Terrace', 'Whakatane');
insert into place_entity (name, address, city) values ('Linden', '4 Dixon Hill', 'Sidokumpul');
insert into place_entity (name, address, city) values ('International', '45 Esch Park', 'Visby');
insert into place_entity (name, address, city) values ('Miller', '54022 Burrows Park', 'Sumberagung');
insert into place_entity (name, address, city) values ('Center', '9706 Clyde Gallagher Place', 'Pinaring');
insert into place_entity (name, address, city) values ('1st', '3245 Eliot Avenue', 'Malczyce');
insert into place_entity (name, address, city) values ('Cherokee', '642 Michigan Alley', 'Khairpur Nathan Shāh');
insert into place_entity (name, address, city) values ('Di Loreto', '2160 Ridge Oak Drive', 'Buket Teukuh');
insert into place_entity (name, address, city) values ('Sachtjen', '3 5th Center', 'Sagang');
insert into place_entity (name, address, city) values ('Rigney', '3 Esch Court', 'Yurovka');
insert into place_entity (name, address, city) values ('Ohio', '97 Graceland Junction', 'Bibrka');
insert into place_entity (name, address, city) values ('Barnett', '2 Manley Terrace', 'Kansas City');
insert into place_entity (name, address, city) values ('Pennsylvania', '319 Duke Hill', 'Val-d''Or');
insert into place_entity (name, address, city) values ('Alpine', '04 Melody Drive', 'Néa Filadélfeia');
insert into place_entity (name, address, city) values ('Corscot', '26 Merrick Center', 'Sijiqing');
insert into place_entity (name, address, city) values ('Merchant', '0960 Barnett Way', 'Krapina');
insert into place_entity (name, address, city) values ('Sunnyside', '42485 Service Plaza', 'Hamilton');
insert into place_entity (name, address, city) values ('Shasta', '89 Saint Paul Center', 'Niihama');
insert into place_entity (name, address, city) values ('Meadow Vale', '05 Homewood Court', 'Qingyun');
insert into place_entity (name, address, city) values ('Ridgeview', '65717 Welch Crossing', 'Nanterre');
insert into place_entity (name, address, city) values ('Del Mar', '80 Superior Trail', 'Tigre');
insert into place_entity (name, address, city) values ('Linden', '502 Sutteridge Pass', 'Vale de Touros');
insert into place_entity (name, address, city) values ('Utah', '2 Crest Line Terrace', 'Niquelândia');
insert into place_entity (name, address, city) values ('Eagle Crest', '1953 Pine View Court', 'Iganga');
insert into place_entity (name, address, city) values ('Mendota', '2 Arizona Pass', 'Goundi');
insert into place_entity (name, address, city) values ('Birchwood', '02 Ruskin Point', 'Mugi');
insert into place_entity (name, address, city) values ('Northport', '5492 Russell Junction', 'Bennäs');
insert into place_entity (name, address, city) values ('Red Cloud', '79552 Charing Cross Place', 'Lomintsevskiy');
insert into place_entity (name, address, city) values ('Delaware', '2 Susan Crossing', 'Shibli');
insert into place_entity (name, address, city) values ('Lien', '6180 Parkside Crossing', 'Lashkar Gāh');
insert into place_entity (name, address, city) values ('Gale', '5 Victoria Street', 'Pasirnangka');
insert into place_entity (name, address, city) values ('Armistice', '803 Namekagon Avenue', 'Nakonde');
insert into place_entity (name, address, city) values ('Brown', '1598 Lawn Way', 'Mali');
insert into place_entity (name, address, city) values ('Sloan', '9 Schiller Junction', 'Donabate');
insert into place_entity (name, address, city) values ('Mesta', '438 Dovetail Park', 'Téra');
insert into place_entity (name, address, city) values ('Stephen', '4 Michigan Way', 'Punta Cana');
insert into place_entity (name, address, city) values ('Fieldstone', '9 Nelson Pass', 'Qingxi');
insert into place_entity (name, address, city) values ('Forest Run', '7964 Bluejay Hill', 'Ape');
insert into place_entity (name, address, city) values ('Lakewood Gardens', '49 Marcy Junction', 'Jayapura');
insert into place_entity (name, address, city) values ('Helena', '331 Crest Line Junction', 'Strasbourg');
insert into place_entity (name, address, city) values ('Dwight', '3772 Oak Valley Trail', 'Dulovo');
insert into place_entity (name, address, city) values ('La Follette', '71 Oxford Terrace', 'Thị Trấn Tân Yên');
insert into place_entity (name, address, city) values ('Arapahoe', '072 Forster Way', 'Soisy-sous-Montmorency');
insert into place_entity (name, address, city) values ('Pond', '47638 Onsgard Avenue', 'Zhuangxing');
insert into place_entity (name, address, city) values ('Division', '07 Dwight Junction', 'Borlänge');
insert into place_entity (name, address, city) values ('Buell', '5 Mallard Pass', 'Ketapang');
insert into place_entity (name, address, city) values ('Kipling', '85 Anzinger Crossing', 'Caotan');
insert into place_entity (name, address, city) values ('Dixon', '4 Del Mar Drive', 'Ballivor');
insert into place_entity (name, address, city) values ('Melvin', '65 Oakridge Center', 'Skövde');
insert into place_entity (name, address, city) values ('Towne', '79124 Chinook Court', 'Strellc i Epërm');
insert into place_entity (name, address, city) values ('Sherman', '32 Northland Avenue', 'Smolyan');
insert into place_entity (name, address, city) values ('3rd', '12905 Washington Crossing', 'Sakurai');
insert into place_entity (name, address, city) values ('Dawn', '80632 Mcguire Center', 'Ruda-Huta');
insert into place_entity (name, address, city) values ('Warrior', '23 Hoard Drive', 'Sogati');
insert into place_entity (name, address, city) values ('Glacier Hill', '051 Moose Alley', 'Tanjung Timur');
insert into place_entity (name, address, city) values ('Prairieview', '003 3rd Plaza', 'Alençon');
insert into place_entity (name, address, city) values ('Maple Wood', '36 American Street', 'Áno Kalentíni');
insert into place_entity (name, address, city) values ('Portage', '67 Carberry Circle', 'Kondrovo');
insert into place_entity (name, address, city) values ('Waubesa', '9 Carioca Pass', 'Cabriz');
insert into place_entity (name, address, city) values ('Esch', '2967 Lien Hill', 'Harrisburg');
insert into place_entity (name, address, city) values ('Westerfield', '37 Cardinal Plaza', 'Subkowy');
insert into place_entity (name, address, city) values ('Eliot', '1 Bay Terrace', 'Arţās');
insert into place_entity (name, address, city) values ('Mayer', '05 Delladonna Center', 'Ojo de Agua');
insert into place_entity (name, address, city) values ('Hoepker', '3 Riverside Drive', 'Chocianów');
insert into place_entity (name, address, city) values ('Mccormick', '01 Darwin Plaza', 'Serowe');
insert into place_entity (name, address, city) values ('Mitchell', '03115 2nd Alley', 'Blimbing');
insert into place_entity (name, address, city) values ('Linden', '7 Hallows Court', 'Olímpia');
insert into place_entity (name, address, city) values ('Northwestern', '519 Sachs Plaza', 'Longsheng');
insert into place_entity (name, address, city) values ('Bartelt', '45124 Eagle Crest Avenue', 'Vnanje Gorice');
insert into place_entity (name, address, city) values ('Mallard', '5532 John Wall Park', 'Azenhas do Mar');
insert into place_entity (name, address, city) values ('Bunting', '09 Logan Parkway', 'Montecristi');
insert into place_entity (name, address, city) values ('Dryden', '4121 Northfield Lane', 'Jingxin');
insert into place_entity (name, address, city) values ('Di Loreto', '539 Walton Way', 'Babakansalam');
insert into place_entity (name, address, city) values ('Loeprich', '10 Thierer Plaza', 'Dagar');
insert into place_entity (name, address, city) values ('Forest Run', '6022 Stone Corner Point', 'Pobé');
insert into place_entity (name, address, city) values ('Annamark', '4 Banding Center', 'Hongde');
insert into place_entity (name, address, city) values ('Rockefeller', '093 Kings Parkway', 'Boñgalon');
insert into place_entity (name, address, city) values ('Mockingbird', '76073 Harper Park', 'Fréjus');
insert into place_entity (name, address, city) values ('Cambridge', '15 Homewood Road', 'Adil Makmur');
insert into place_entity (name, address, city) values ('Glacier Hill', '35 Bluejay Terrace', 'Yahe');
insert into place_entity (name, address, city) values ('Sheridan', '9315 Farwell Avenue', 'Saint Louis');
insert into place_entity (name, address, city) values ('Memorial', '321 Saint Paul Plaza', 'Nanling');
insert into place_entity (name, address, city) values ('Katie', '3 Garrison Point', 'Dobra');
insert into place_entity (name, address, city) values ('Susan', '313 Loeprich Park', 'Malibago');
insert into place_entity (name, address, city) values ('Upham', '435 Pond Parkway', 'Denton');
insert into place_entity (name, address, city) values ('Park Meadow', '760 Center Hill', 'Valuyki');
insert into place_entity (name, address, city) values ('Miller', '40914 Superior Plaza', 'Fukura');
insert into place_entity (name, address, city) values ('Sutherland', '92505 Tennessee Court', 'Sijihong');
insert into place_entity (name, address, city) values ('Warbler', '849 Delaware Terrace', 'Mahdia');
insert into place_entity (name, address, city) values ('Grayhawk', '0 Kennedy Place', 'Tuojiang');
insert into place_entity (name, address, city) values ('Service', '7600 Schmedeman Junction', 'El Águila');
insert into place_entity (name, address, city) values ('Hagan', '8312 Gateway Center', 'Mo I Rana');
insert into place_entity (name, address, city) values ('Service', '35 Tony Way', 'Sanhe');
insert into place_entity (name, address, city) values ('Independence', '96392 Nova Terrace', 'Pisangkemeng');
insert into place_entity (name, address, city) values ('School', '2267 Lakeland Hill', 'Sadahayu');
insert into place_entity (name, address, city) values ('Corry', '6 Westridge Plaza', 'Skoki');
insert into place_entity (name, address, city) values ('Fulton', '2972 Pond Pass', 'Pinamalayan');
insert into place_entity (name, address, city) values ('Straubel', '8251 Huxley Court', 'Xiaohe');
insert into place_entity (name, address, city) values ('Golf', '15 Schmedeman Drive', 'Zhongba');
insert into place_entity (name, address, city) values ('Veith', '57475 Macpherson Hill', 'Dijon');
insert into place_entity (name, address, city) values ('Lakewood', '30578 Springs Center', 'Zadawa');
insert into place_entity (name, address, city) values ('Gerald', '56 4th Road', 'Goworowo');
insert into place_entity (name, address, city) values ('Memorial', '5 Grover Terrace', 'Profítis Ilías');
insert into place_entity (name, address, city) values ('Canary', '60 Sutherland Circle', 'Dongchong');
insert into place_entity (name, address, city) values ('Drewry', '44588 Memorial Circle', 'Kakan');
insert into place_entity (name, address, city) values ('1st', '738 Warrior Point', 'Río Campo');
insert into place_entity (name, address, city) values ('Dennis', '5 Marcy Way', 'Barreiro');
insert into place_entity (name, address, city) values ('Westerfield', '670 Burning Wood Alley', 'Xiangshui');
insert into place_entity (name, address, city) values ('Hermina', '50 Granby Drive', 'Bayt ‘Awwā');
insert into place_entity (name, address, city) values ('Monica', '445 Washington Junction', 'Cutral-Có');
insert into place_entity (name, address, city) values ('Sage', '93 Oak Valley Place', 'Gongjiahe');
insert into place_entity (name, address, city) values ('Crownhardt', '19 Hansons Center', 'Otan Aiyegbaju');
insert into place_entity (name, address, city) values ('Ilene', '665 Nevada Park', 'Villa Bisonó');
insert into place_entity (name, address, city) values ('Sage', '8 Bonner Pass', 'Weishanzhuang');
insert into place_entity (name, address, city) values ('Miller', '12396 Hazelcrest Drive', 'Eido');
insert into place_entity (name, address, city) values ('Debs', '1087 Sage Place', 'Algarrobo');
insert into place_entity (name, address, city) values ('Kenwood', '06 1st Park', 'Shangchewan');
insert into place_entity (name, address, city) values ('Fordem', '7598 Hintze Crossing', 'Baojia');
insert into place_entity (name, address, city) values ('Ohio', '06 Lunder Street', 'Lowayu');
insert into place_entity (name, address, city) values ('Longview', '8421 Thompson Street', 'Sri Jayewardenepura Kotte');
insert into place_entity (name, address, city) values ('Monument', '40345 Rigney Court', 'Nogoonnuur');
insert into place_entity (name, address, city) values ('Tennyson', '2 Del Sol Hill', 'Taishihe');
insert into place_entity (name, address, city) values ('Ryan', '555 Heffernan Point', 'Paracambi');
insert into place_entity (name, address, city) values ('Golf View', '9 Melby Center', 'Hirara');
insert into place_entity (name, address, city) values ('Anzinger', '5 Corry Place', 'Leiwang');
insert into place_entity (name, address, city) values ('Prairieview', '0148 Ryan Circle', 'Insrom');
insert into place_entity (name, address, city) values ('Bultman', '31 Golf Avenue', 'Cholet');
insert into place_entity (name, address, city) values ('Ronald Regan', '086 Trailsway Trail', 'Almere Haven');
insert into place_entity (name, address, city) values ('Lillian', '703 Rusk Terrace', 'Pedro Sánchez');
insert into place_entity (name, address, city) values ('Gateway', '76526 Sycamore Road', 'Maluko');
insert into place_entity (name, address, city) values ('Charing Cross', '8 Basil Parkway', 'Lianghu');
insert into place_entity (name, address, city) values ('Clemons', '24864 Red Cloud Parkway', 'Sibulan');
insert into place_entity (name, address, city) values ('Duke', '1 7th Point', 'Le Mans');
insert into place_entity (name, address, city) values ('Warrior', '0998 New Castle Junction', 'New York City');
insert into place_entity (name, address, city) values ('Bultman', '693 Lindbergh Drive', 'Bentengjawa');
insert into place_entity (name, address, city) values ('Maple', '703 Browning Lane', 'Zadawa');
insert into place_entity (name, address, city) values ('Jay', '11 Crownhardt Crossing', 'Santiago');
insert into place_entity (name, address, city) values ('Bluestem', '46 Oriole Hill', 'Semënovskoye');
insert into place_entity (name, address, city) values ('Mccormick', '68791 Dwight Pass', 'Toulouse');
insert into place_entity (name, address, city) values ('Loftsgordon', '5273 Corry Circle', 'San Juan de Colón');
insert into place_entity (name, address, city) values ('Harbort', '0 Eagan Court', 'Bununu Dass');
insert into place_entity (name, address, city) values ('Sauthoff', '61 Marcy Road', 'Reims');
insert into place_entity (name, address, city) values ('Melrose', '14825 Springs Plaza', 'Panjāb');
insert into place_entity (name, address, city) values ('Coolidge', '73 Moose Hill', 'Alcáçovas');
insert into place_entity (name, address, city) values ('Barnett', '9 Schurz Terrace', 'Sophia Antipolis');
insert into place_entity (name, address, city) values ('Talisman', '02 Upham Crossing', 'Mitrofanovka');
insert into place_entity (name, address, city) values ('Miller', '4 Quincy Way', 'Štitar');
insert into place_entity (name, address, city) values ('Superior', '58975 2nd Avenue', 'Kampungsusah');
insert into place_entity (name, address, city) values ('Autumn Leaf', '24237 Shopko Avenue', 'Minle');
insert into place_entity (name, address, city) values ('Anderson', '62053 Brentwood Drive', 'Saryg-Sep');
insert into place_entity (name, address, city) values ('Upham', '5 Mitchell Point', 'Diourbel');
insert into place_entity (name, address, city) values ('Colorado', '988 Rigney Parkway', 'Plottier');
insert into place_entity (name, address, city) values ('David', '48913 Sunfield Crossing', 'Takengon');
insert into place_entity (name, address, city) values ('Old Gate', '6 Talisman Center', 'Saukkola');
insert into place_entity (name, address, city) values ('Delladonna', '9 Commercial Crossing', 'Soure');
insert into place_entity (name, address, city) values ('Bartelt', '22 Rowland Way', 'Lalauigan');
insert into place_entity (name, address, city) values ('Eggendart', '0 Maywood Place', 'Changdai');
insert into place_entity (name, address, city) values ('Bluestem', '8 Glacier Hill Way', 'Varberg');
insert into place_entity (name, address, city) values ('Westend', '52325 Walton Way', 'Alta');
insert into place_entity (name, address, city) values ('American', '71 Merry Road', 'Semang');
insert into place_entity (name, address, city) values ('Springs', '429 Oxford Center', 'Tabou');
insert into place_entity (name, address, city) values ('Ohio', '73728 Melrose Court', 'Kembangarum');
insert into place_entity (name, address, city) values ('5th', '3518 Hoepker Parkway', 'Recreio');
insert into place_entity (name, address, city) values ('Sachtjen', '735 Maple Place', 'Monjarás');
insert into place_entity (name, address, city) values ('Warrior', '66054 Arkansas Lane', 'Néa Kíos');
insert into place_entity (name, address, city) values ('Golf', '274 Corben Point', 'Xiangshun');
insert into place_entity (name, address, city) values ('Melvin', '19272 Mockingbird Drive', 'Qingyun');
insert into place_entity (name, address, city) values ('Monterey', '659 Oneill Trail', 'Kitahiroshima');
insert into place_entity (name, address, city) values ('Autumn Leaf', '66006 Arrowood Terrace', 'Uchiza');
insert into place_entity (name, address, city) values ('Artisan', '8022 Novick Lane', 'Trelleborg');
insert into place_entity (name, address, city) values ('Vidon', '8 Jana Hill', 'Khánh Hải');
insert into place_entity (name, address, city) values ('Rigney', '97856 Ridge Oak Street', 'Zhanggongmiao');
insert into place_entity (name, address, city) values ('Almo', '65 Center Center', 'Wangqinzhuang');
insert into place_entity (name, address, city) values ('Continental', '31844 Commercial Point', 'Pentre');
insert into place_entity (name, address, city) values ('Sommers', '1 Sugar Road', 'Ventanas');
insert into place_entity (name, address, city) values ('Buhler', '99209 Summit Terrace', 'Dingli');
insert into place_entity (name, address, city) values ('Northport', '38205 Hagan Park', 'Hernani');
insert into place_entity (name, address, city) values ('Grasskamp', '534 Southridge Street', 'Regidor');
insert into place_entity (name, address, city) values ('Quincy', '55484 Melvin Lane', 'Divjakë');
insert into place_entity (name, address, city) values ('Bartelt', '5204 Village Green Crossing', 'Dalang');
insert into place_entity (name, address, city) values ('Darwin', '78 Bunting Street', 'Yelat’ma');
insert into place_entity (name, address, city) values ('Carioca', '5077 Westerfield Lane', 'Tomiya');
insert into place_entity (name, address, city) values ('Crescent Oaks', '5559 Northport Road', 'Kalisangkrah Lor');
insert into place_entity (name, address, city) values ('Bayside', '79 Shelley Street', 'Padangbatung');
insert into place_entity (name, address, city) values ('2nd', '7284 8th Road', 'Huaping');
insert into place_entity (name, address, city) values ('Stoughton', '29 Ronald Regan Center', 'Warin Chamrap');
insert into place_entity (name, address, city) values ('Fordem', '1 Longview Junction', 'Moshkovo');
insert into place_entity (name, address, city) values ('Oakridge', '987 Schurz Point', 'Libu');
insert into place_entity (name, address, city) values ('Anderson', '89 Iowa Junction', 'Hudong');
insert into place_entity (name, address, city) values ('Vera', '345 Sunfield Crossing', 'Ducheng');
insert into place_entity (name, address, city) values ('Dennis', '77 Cody Way', 'Longtian');
insert into place_entity (name, address, city) values ('Upham', '43132 Kropf Plaza', 'Santa Cruz del Quiché');
insert into place_entity (name, address, city) values ('Goodland', '8 Schmedeman Place', 'Korçë');
insert into place_entity (name, address, city) values ('2nd', '7265 Dixon Crossing', 'Tranås');
insert into place_entity (name, address, city) values ('Shelley', '72 Jenifer Hill', 'Lengkong');
insert into place_entity (name, address, city) values ('Stoughton', '4 Bellgrove Trail', 'Shimada');
insert into place_entity (name, address, city) values ('Gateway', '45746 Lakewood Terrace', 'Matsumoto');
insert into place_entity (name, address, city) values ('Delladonna', '8303 Elgar Drive', 'Ourinhos');
insert into place_entity (name, address, city) values ('Mayfield', '54 Dixon Terrace', 'Geneng');
insert into place_entity (name, address, city) values ('Chinook', '81 Roth Terrace', 'Stavropol’');
insert into place_entity (name, address, city) values ('Talisman', '28269 Spenser Way', 'Villa Ojo de Agua');
insert into place_entity (name, address, city) values ('Anderson', '181 Dexter Place', 'Choya');
insert into place_entity (name, address, city) values ('Scoville', '53063 Milwaukee Point', 'Cihurip Satu');
insert into place_entity (name, address, city) values ('Bartillon', '547 Dwight Road', 'Fonte do Feto');
insert into place_entity (name, address, city) values ('Ridgeway', '1965 Hagan Hill', 'Pangai');
insert into place_entity (name, address, city) values ('Sutherland', '0780 Tennyson Court', 'Mkiriwadjumoi');
insert into place_entity (name, address, city) values ('Artisan', '1 Comanche Place', 'Flor da Mata');
insert into place_entity (name, address, city) values ('Leroy', '573 Bluejay Trail', 'Listvyanka');
insert into place_entity (name, address, city) values ('Beilfuss', '8437 Thierer Parkway', 'Yashiga');
insert into place_entity (name, address, city) values ('Packers', '34 Golden Leaf Parkway', 'Chuncheng');
insert into place_entity (name, address, city) values ('Swallow', '667 1st Center', 'Delgermörön');
insert into place_entity (name, address, city) values ('Amoth', '6189 Acker Center', 'Maracanã');
insert into place_entity (name, address, city) values ('Clarendon', '67273 Lillian Court', 'Serra D''El Rei');
insert into place_entity (name, address, city) values ('Riverside', '5 Pankratz Center', 'Kamionka');
insert into place_entity (name, address, city) values ('Dwight', '3 Russell Trail', 'Sumuragung');
insert into place_entity (name, address, city) values ('Westport', '70 Dottie Terrace', 'Sindangraja');
insert into place_entity (name, address, city) values ('Anzinger', '803 Northport Crossing', 'Yaruchel');
insert into place_entity (name, address, city) values ('Valley Edge', '603 Rockefeller Drive', 'Pakembangan');
insert into place_entity (name, address, city) values ('Eliot', '84902 Oneill Street', 'San Miguel del Padrón');
insert into place_entity (name, address, city) values ('Moland', '7178 Chive Way', 'Aravissós');
insert into place_entity (name, address, city) values ('Londonderry', '24873 Talmadge Way', 'Sampungu');
insert into place_entity (name, address, city) values ('Pepper Wood', '585 Sage Parkway', 'Ciparay');
insert into place_entity (name, address, city) values ('Columbus', '151 Becker Place', 'Gif-sur-Yvette');
insert into place_entity (name, address, city) values ('Parkside', '327 Gina Junction', 'President Roxas');
insert into place_entity (name, address, city) values ('Tennessee', '44 Everett Circle', 'General Roca');
insert into place_entity (name, address, city) values ('Banding', '91 Morrow Parkway', 'Aveiro');
insert into place_entity (name, address, city) values ('Acker', '18414 Marcy Junction', 'Bitaogan');

/* Partners */
insert into partner_entity (name, email) values ('Luis Diaz', 'luis.diaz@gmail.com');
insert into partner_entity (name, email) values ('Andrea Gomez', 'andrea.gomez@outlook.com');