insert into country_entity (id, name) values ('ac67095e-38c0-47f5-874b-670826f649c4', 'Colombia');
insert into country_entity (id, name) values ('dbaa5837-d671-4e54-a619-59c846a78e35', 'Argentina');
insert into country_entity (id, name) values ('e3c074f3-e4e1-46de-a95c-8ee4acaa7b77', 'Brasil');

insert into city_entity (id, name, "countryId") values ('ddd7c109-f46d-464b-9b60-f20bee9f07f4', 'Bogotá', 'ac67095e-38c0-47f5-874b-670826f649c4');
insert into city_entity (id, name, "countryId") values ('531da3ae-63a8-4b8a-bb12-a63baaa59b2f', 'Medellín', 'ac67095e-38c0-47f5-874b-670826f649c4');
insert into city_entity (id, name, "countryId") values ('67ec792a-5932-4170-b445-503fd12e2966', 'Barranquilla', 'ac67095e-38c0-47f5-874b-670826f649c4');
insert into city_entity (id, name, "countryId") values ('900c7213-9cf0-462a-a54d-23fe7235593f', 'Cartagena', 'ac67095e-38c0-47f5-874b-670826f649c4');
insert into city_entity (id, name, "countryId") values ('6b802c95-d051-41da-88df-a79532e34962', 'Santa Marta', 'ac67095e-38c0-47f5-874b-670826f649c4');
insert into city_entity (id, name, "countryId") values ('0b41d33d-331c-408e-bf70-73b3a351721e', 'Cesar', 'ac67095e-38c0-47f5-874b-670826f649c4');
insert into city_entity (id, name, "countryId") values ('4eff93d5-b60e-4810-a457-60d8ba064a85', 'Sincelejo', 'ac67095e-38c0-47f5-874b-670826f649c4');

insert into city_entity (id, name, "countryId") values ('a6bbd754-42d1-4b79-aeac-50bf16688818', 'Buenos Aires', 'dbaa5837-d671-4e54-a619-59c846a78e35');
insert into city_entity (id, name, "countryId") values ('11f1f110-3a47-4c33-8615-758479ab945a', 'La Plata', 'dbaa5837-d671-4e54-a619-59c846a78e35');
insert into city_entity (id, name, "countryId") values ('de67b3b8-3143-4106-ae94-e57f30bef3d6', 'Mendoza', 'dbaa5837-d671-4e54-a619-59c846a78e35');

insert into city_entity (id, name, "countryId") values ('c6589f94-9435-40d9-a80d-e592015273e3', 'São Paulo', 'e3c074f3-e4e1-46de-a95c-8ee4acaa7b77');
insert into city_entity (id, name, "countryId") values ('81c4cf9c-696d-48eb-8b49-1f872c5ab81a', 'Río de Janeiro', 'e3c074f3-e4e1-46de-a95c-8ee4acaa7b77');
insert into city_entity (id, name, "countryId") values ('6c8c8e17-6419-4efd-8604-5f104e36daa1', 'Fortaleza', 'e3c074f3-e4e1-46de-a95c-8ee4acaa7b77');

insert into sport_entity (id, name) values ('e6089868-0a23-40fd-9e4d-93c7cae07745', 'any');
insert into sport_entity (id, name) values ('2ceafa81-c69a-4e89-878a-8306d2efd256', 'cicling');
insert into sport_entity (id, name) values ('61e5bad4-137a-4ebd-a5bb-1d7d12bc5364', 'indor_trainig');

insert into risk_entity (id, "imcMin", "imcMax", features, limitations, "howToReduceIt", risk) values ('dce2f0fc-2343-4923-80a8-e2072409c9a6', 10, 40, 'In quis justo. Maecenas rhoncus aliquam lacus. Morbi quis tortor id nulla ultrices aliquet. Maecenas leo odio, condimentum id, luctus nec, molestie sed, justo. Pellentesque viverra pede ac diam. Cras pellentesque volutpat dui. Maecenas tristique, est et tempus semper, est quam pharetra magna, ac consequat metus sapien ut nunc. Vestibulum ante ipsum primis in faucibus orci luctus et ultrices posuere cubilia Curae; Mauris viverra diam vitae quam.', 'Vivamus vel nulla eget eros elementum pellentesque. Quisque porta volutpat erat. Quisque erat eros, viverra eget, congue eget, semper rutrum, nulla. Nunc purus. Phasellus in felis. Donec semper sapien a libero. Nam dui. Proin leo odio, porttitor id, consequat in, consequat ut, nulla.', 'Suspendisse potenti. Cras in purus eu magna vulputate luctus.', 45);
insert into risk_entity (id, "imcMin", "imcMax", features, limitations, "howToReduceIt", risk) values ('84a81a97-ab7b-483c-a68a-63c904fef360', 10, 40, 'Nulla tellus. In sagittis dui vel nisl. Duis ac nibh. Fusce lacus purus, aliquet at, feugiat non, pretium quis, lectus. Suspendisse potenti. In eleifend quam a odio. In hac habitasse platea dictumst. Maecenas ut massa quis augue luctus tincidunt.', 'Maecenas tincidunt lacus at velit. Vivamus vel nulla eget eros elementum pellentesque. Quisque porta volutpat erat. Quisque erat eros, viverra eget, congue eget, semper rutrum, nulla. Nunc purus. Phasellus in felis.', 'Nunc rhoncus dui vel sem.', 20);
insert into risk_entity (id, "imcMin", "imcMax", features, limitations, "howToReduceIt", risk) values ('97374452-f7ac-4beb-aebc-ef535587922a', 10, 40, 'Vestibulum ante ipsum primis in faucibus orci luctus et ultrices posuere cubilia Curae; Duis faucibus accumsan odio. Curabitur convallis.', 'Maecenas leo odio, condimentum id, luctus nec, molestie sed, justo. Pellentesque viverra pede ac diam. Cras pellentesque volutpat dui. Maecenas tristique, est et tempus semper, est quam pharetra magna, ac consequat metus sapien ut nunc. Vestibulum ante ipsum primis in faucibus orci luctus et ultrices posuere cubilia Curae; Mauris viverra diam vitae quam. Suspendisse potenti. Nullam porttitor lacus at turpis. Donec posuere metus vitae ipsum. Aliquam non mauris. Morbi non lectus.', 'Maecenas tristique, est et tempus semper, est quam pharetra magna, ac consequat metus sapien ut nunc. Vestibulum ante ipsum primis in faucibus orci luctus et ultrices posuere cubilia Curae; Mauris viverra diam vitae quam. Suspendisse potenti. Nullam porttitor lacus at turpis. Donec posuere metus vitae ipsum. Aliquam non mauris. Morbi non lectus. Aliquam sit amet diam in magna bibendum imperdiet.', 25);
insert into risk_entity (id, "imcMin", "imcMax", features, limitations, "howToReduceIt", risk) values ('b749acd7-eac4-4775-9246-586405705458', 10, 20, 'Sed accumsan felis.', 'Aliquam augue quam, sollicitudin vitae, consectetuer eget, rutrum at, lorem. Integer tincidunt ante vel ipsum. Praesent blandit lacinia erat. Vestibulum sed magna at nunc commodo placerat. Praesent blandit. Nam nulla. Integer pede justo, lacinia eget, tincidunt eget, tempus vel, pede. Morbi porttitor lorem id ligula.', 'Vivamus metus arcu, adipiscing molestie, hendrerit at, vulputate vitae, nisl. Aenean lectus. Pellentesque eget nunc. Donec quis orci eget orci vehicula condimentum. Curabitur in libero ut massa volutpat convallis. Morbi odio odio, elementum eu, interdum eu, tincidunt in, leo. Maecenas pulvinar lobortis est. Phasellus sit amet erat. Nulla tempus.', 10);
insert into risk_entity (id, "imcMin", "imcMax", features, limitations, "howToReduceIt", risk) values ('a40df5c7-580d-4bbf-a462-068e63978453', 10, 20, 'Proin risus. Praesent lectus. Vestibulum quam sapien, varius ut, blandit non, interdum in, ante. Vestibulum ante ipsum primis in faucibus orci luctus et ultrices posuere cubilia Curae; Duis faucibus accumsan odio. Curabitur convallis. Duis consequat dui nec nisi volutpat eleifend.', 'Aenean auctor gravida sem. Praesent id massa id nisl venenatis lacinia. Aenean sit amet justo. Morbi ut odio.', 'Proin risus. Praesent lectus. Vestibulum quam sapien, varius ut, blandit non, interdum in, ante. Vestibulum ante ipsum primis in faucibus orci luctus et ultrices posuere cubilia Curae; Duis faucibus accumsan odio. Curabitur convallis. Duis consequat dui nec nisi volutpat eleifend. Donec ut dolor.', 35);
insert into risk_entity (id, "imcMin", "imcMax", features, limitations, "howToReduceIt", risk) values ('b4372e51-8edb-4c76-8ec5-905e82e2878a', 20, 25, 'Quisque ut erat. Curabitur gravida nisi at nibh. In hac habitasse platea dictumst.', 'Integer a nibh. In quis justo. Maecenas rhoncus aliquam lacus. Morbi quis tortor id nulla ultrices aliquet. Maecenas leo odio, condimentum id, luctus nec, molestie sed, justo. Pellentesque viverra pede ac diam. Cras pellentesque volutpat dui. Maecenas tristique, est et tempus semper, est quam pharetra magna, ac consequat metus sapien ut nunc. Vestibulum ante ipsum primis in faucibus orci luctus et ultrices posuere cubilia Curae; Mauris viverra diam vitae quam.', 'Suspendisse potenti. In eleifend quam a odio. In hac habitasse platea dictumst. Maecenas ut massa quis augue luctus tincidunt. Nulla mollis molestie lorem. Quisque ut erat. Curabitur gravida nisi at nibh. In hac habitasse platea dictumst. Aliquam augue quam, sollicitudin vitae, consectetuer eget, rutrum at, lorem. Integer tincidunt ante vel ipsum.', 50);
insert into risk_entity (id, "imcMin", "imcMax", features, limitations, "howToReduceIt", risk) values ('cf84d5b7-9635-4540-a5e6-c11c72f531e7', 20, 25, 'In tempor, turpis nec euismod scelerisque, quam turpis adipiscing lorem, vitae mattis nibh ligula nec sem.', 'Duis consequat dui nec nisi volutpat eleifend. Donec ut dolor. Morbi vel lectus in quam fringilla rhoncus. Mauris enim leo, rhoncus sed, vestibulum sit amet, cursus id, turpis. Integer aliquet, massa id lobortis convallis, tortor risus dapibus augue, vel accumsan tellus nisi eu orci. Mauris lacinia sapien quis libero. Nullam sit amet turpis elementum ligula vehicula consequat.', 'Aliquam erat volutpat. In congue. Etiam justo. Etiam pretium iaculis justo. In hac habitasse platea dictumst. Etiam faucibus cursus urna. Ut tellus. Nulla ut erat id mauris vulputate elementum.', 90);
insert into risk_entity (id, "imcMin", "imcMax", features, limitations, "howToReduceIt", risk) values ('32475924-22d7-494c-847b-694990b34708', 18, 30, 'Curabitur in libero ut massa volutpat convallis. Morbi odio odio, elementum eu, interdum eu, tincidunt in, leo. Maecenas pulvinar lobortis est. Phasellus sit amet erat. Nulla tempus. Vivamus in felis eu sapien cursus vestibulum. Proin eu mi. Nulla ac enim. In tempor, turpis nec euismod scelerisque, quam turpis adipiscing lorem, vitae mattis nibh ligula nec sem.', 'Morbi vel lectus in quam fringilla rhoncus. Mauris enim leo, rhoncus sed, vestibulum sit amet, cursus id, turpis. Integer aliquet, massa id lobortis convallis, tortor risus dapibus augue, vel accumsan tellus nisi eu orci. Mauris lacinia sapien quis libero. Nullam sit amet turpis elementum ligula vehicula consequat. Morbi a ipsum. Integer a nibh. In quis justo. Maecenas rhoncus aliquam lacus. Morbi quis tortor id nulla ultrices aliquet.', 'Fusce lacus purus, aliquet at, feugiat non, pretium quis, lectus. Suspendisse potenti. In eleifend quam a odio. In hac habitasse platea dictumst. Maecenas ut massa quis augue luctus tincidunt. Nulla mollis molestie lorem. Quisque ut erat.', 30);
insert into risk_entity (id, "imcMin", "imcMax", features, limitations, "howToReduceIt", risk) values ('5f7cdfab-b5e3-477a-9c3a-1cb7542863ad', 18, 25, 'Quisque id justo sit amet sapien dignissim vestibulum. Vestibulum ante ipsum primis in faucibus orci luctus et ultrices posuere cubilia Curae; Nulla dapibus dolor vel est. Donec odio justo, sollicitudin ut, suscipit a, feugiat et, eros. Vestibulum ac est lacinia nisi venenatis tristique.', 'Suspendisse ornare consequat lectus. In est risus, auctor sed, tristique in, tempus sit amet, sem. Fusce consequat. Nulla nisl.', 'Integer a nibh. In quis justo. Maecenas rhoncus aliquam lacus. Morbi quis tortor id nulla ultrices aliquet. Maecenas leo odio, condimentum id, luctus nec, molestie sed, justo. Pellentesque viverra pede ac diam. Cras pellentesque volutpat dui. Maecenas tristique, est et tempus semper, est quam pharetra magna, ac consequat metus sapien ut nunc. Vestibulum ante ipsum primis in faucibus orci luctus et ultrices posuere cubilia Curae; Mauris viverra diam vitae quam. Suspendisse potenti.', 40);
insert into risk_entity (id, "imcMin", "imcMax", features, limitations, "howToReduceIt", risk) values ('8dda9217-a0f4-4a28-9b4f-f564173a84b5', 15, 27, 'Donec semper sapien a libero.', 'Donec ut dolor.', 'Cras in purus eu magna vulputate luctus. Cum sociis natoque penatibus et magnis dis parturient montes, nascetur ridiculus mus. Vivamus vestibulum sagittis sapien. Cum sociis natoque penatibus et magnis dis parturient montes, nascetur ridiculus mus. Etiam vel augue. Vestibulum rutrum rutrum neque. Aenean auctor gravida sem. Praesent id massa id nisl venenatis lacinia.', 60);
insert into risk_entity (id, "imcMin", "imcMax", features, limitations, "howToReduceIt", risk) values ('60994903-d7e0-42a8-b665-f6b8ec2e2d6d', 25, 50, 'Quisque ut erat. Curabitur gravida nisi at nibh.', 'Etiam faucibus cursus urna. Ut tellus. Nulla ut erat id mauris vulputate elementum.', 'Duis bibendum. Morbi non quam nec dui luctus rutrum. Nulla tellus. In sagittis dui vel nisl. Duis ac nibh. Fusce lacus purus, aliquet at, feugiat non, pretium quis, lectus. Suspendisse potenti. In eleifend quam a odio. In hac habitasse platea dictumst. Maecenas ut massa quis augue luctus tincidunt.', 55);
insert into risk_entity (id, "imcMin", "imcMax", features, limitations, "howToReduceIt", risk) values ('631aa687-f7f0-4fee-a4df-9d9df463530a', 30, 50, 'Curabitur convallis. Duis consequat dui nec nisi volutpat eleifend. Donec ut dolor. Morbi vel lectus in quam fringilla rhoncus. Mauris enim leo, rhoncus sed, vestibulum sit amet, cursus id, turpis. Integer aliquet, massa id lobortis convallis, tortor risus dapibus augue, vel accumsan tellus nisi eu orci. Mauris lacinia sapien quis libero. Nullam sit amet turpis elementum ligula vehicula consequat.', 'Nulla tellus.', 'Pellentesque eget nunc. Donec quis orci eget orci vehicula condimentum. Curabitur in libero ut massa volutpat convallis. Morbi odio odio, elementum eu, interdum eu, tincidunt in, leo. Maecenas pulvinar lobortis est. Phasellus sit amet erat. Nulla tempus. Vivamus in felis eu sapien cursus vestibulum. Proin eu mi.', 25);
insert into risk_entity (id, "imcMin", "imcMax", features, limitations, "howToReduceIt", risk) values ('a54c1644-9307-485a-b6f0-b497132a7422', 30, 50, 'Etiam pretium iaculis justo. In hac habitasse platea dictumst.', 'Vivamus metus arcu, adipiscing molestie, hendrerit at, vulputate vitae, nisl. Aenean lectus. Pellentesque eget nunc. Donec quis orci eget orci vehicula condimentum. Curabitur in libero ut massa volutpat convallis.', 'Maecenas leo odio, condimentum id, luctus nec, molestie sed, justo. Pellentesque viverra pede ac diam. Cras pellentesque volutpat dui. Maecenas tristique, est et tempus semper, est quam pharetra magna, ac consequat metus sapien ut nunc. Vestibulum ante ipsum primis in faucibus orci luctus et ultrices posuere cubilia Curae; Mauris viverra diam vitae quam.', 70);
insert into risk_entity (id, "imcMin", "imcMax", features, limitations, "howToReduceIt", risk) values ('6e909e6e-c3ff-414d-abd8-537c6d881e7a', 30, 50, 'Sed accumsan felis. Ut at dolor quis odio consequat varius. Integer ac leo. Pellentesque ultrices mattis odio. Donec vitae nisi. Nam ultrices, libero non mattis pulvinar, nulla pede ullamcorper augue, a suscipit nulla elit ac nulla. Sed vel enim sit amet nunc viverra dapibus.', 'Morbi porttitor lorem id ligula. Suspendisse ornare consequat lectus. In est risus, auctor sed, tristique in, tempus sit amet, sem. Fusce consequat. Nulla nisl. Nunc nisl.', 'Etiam pretium iaculis justo. In hac habitasse platea dictumst. Etiam faucibus cursus urna. Ut tellus. Nulla ut erat id mauris vulputate elementum. Nullam varius. Nulla facilisi. Cras non velit nec nisi vulputate nonummy.', 65);
insert into risk_entity (id, "imcMin", "imcMax", features, limitations, "howToReduceIt", risk) values ('98393d43-8965-4140-bd61-298091d6eaf2', 30, 50, 'Fusce posuere felis sed lacus. Morbi sem mauris, laoreet ut, rhoncus aliquet, pulvinar sed, nisl. Nunc rhoncus dui vel sem. Sed sagittis. Nam congue, risus semper porta volutpat, quam pede lobortis ligula, sit amet eleifend pede libero quis orci. Nullam molestie nibh in lectus. Pellentesque at nulla.', 'Morbi vestibulum, velit id pretium iaculis, diam erat fermentum justo, nec condimentum neque sapien placerat ante. Nulla justo. Aliquam quis turpis eget elit sodales scelerisque. Mauris sit amet eros. Suspendisse accumsan tortor quis turpis. Sed ante. Vivamus tortor. Duis mattis egestas metus.', 'Duis bibendum, felis sed interdum venenatis, turpis enim blandit mi, in porttitor pede justo eu massa. Donec dapibus. Duis at velit eu est congue elementum. In hac habitasse platea dictumst. Morbi vestibulum, velit id pretium iaculis, diam erat fermentum justo, nec condimentum neque sapien placerat ante. Nulla justo.', 95);
